  0  0  13 MS  1.36e+5  0.00 4.47 4.08  13.00  0.00  0.00 0.00e+0 0.00e+00 0.00e+0 0.00e+0 7.21e-1 2.65e-1 6.95e-4 2.96e-1 1.21e-1
  0  0  13 H   1.61e+7  5.47 4.39 4.53  12.90  2.95  0.00 0.00e+0 0.00e+00 0.00e+0 0.00e+0 7.21e-1 2.65e-1 6.95e-4 2.96e-1 1.21e-1
  0  0  13 He  1.09e+6  1.70 3.57 4.70  12.10  4.08  1.74 0.00e+0 0.00e+00 0.00e+0 0.00e+0 7.02e-1 2.85e-1 2.31e-3 1.60e+0 4.57e-1
  0  0  13 C   9.09e+3  0.60 3.55 4.82  11.90  4.08  1.97 0.00e+0 0.00e+00 0.00e+0 0.00e+0 7.02e-1 2.85e-1 2.31e-3 1.61e+0 4.57e-1
  0  0  13 Ne  5.68e+0  0.56 3.55 4.82  11.90  4.08  2.03 0.00e+0 0.00e+00 0.00e+0 0.00e+0 7.02e-1 2.85e-1 2.31e-3 1.61e+0 4.57e-1
  0  0  13 O   4.17e+0  0.93 3.55 4.82  11.90  4.08  2.03 0.00e+0 0.00e+00 0.00e+0 0.00e+0 7.02e-1 2.85e-1 2.31e-3 1.61e+0 4.57e-1
  0  0  13 Si  3.50e-1  1.09 3.55 4.82  11.90  4.08  2.03 0.00e+0 0.00e+00 0.00e+0 0.00e+0 7.02e-1 2.85e-1 2.31e-3 1.61e+0 4.57e-1
  0  0  13 PSN 1.77e-3  0.00 3.55 4.82  11.90  4.08  2.03 0.00e+0 0.00e+00 0.00e+0 0.00e+0 7.02e-1 2.85e-1 2.31e-3 1.61e+0 4.57e-1
  0  0  15 MS  1.06e+5  0.00 4.50 4.27  15.00  0.00  0.00 0.00e+0 0.00e+00 0.00e+0 0.00e+0 7.21e-1 2.65e-1 6.95e-4 2.96e-1 1.21e-1
  0  0  15 H   1.31e+7  6.67 4.42 4.71  14.90  3.71  0.00 0.00e+0 0.00e+00 0.00e+0 0.00e+0 7.21e-1 2.65e-1 6.95e-4 2.96e-1 1.21e-1
  0  0  15 He  9.50e+5  2.56 3.56 4.89  13.80  4.96  2.57 0.00e+0 0.00e+00 0.00e+0 0.00e+0 6.98e-1 2.88e-1 2.38e-3 1.66e+0 4.78e-1
  0  0  15 C   3.76e+3  0.59 3.54 4.98  13.30  4.95  2.81 0.00e+0 0.00e+00 0.00e+0 0.00e+0 6.98e-1 2.89e-1 2.39e-3 1.66e+0 4.79e-1
  0  0  15 Ne  4.51e+0  0.74 3.54 4.98  13.30  4.95  2.78 0.00e+0 0.00e+00 0.00e+0 0.00e+0 6.98e-1 2.89e-1 2.39e-3 1.66e+0 4.79e-1
  0  0  15 O   2.07e+0  0.97 3.54 4.98  13.30  4.95  2.78 0.00e+0 0.00e+00 0.00e+0 0.00e+0 6.98e-1 2.89e-1 2.39e-3 1.66e+0 4.79e-1
  0  0  15 Si  1.46e-1  1.08 3.54 4.98  13.30  4.95  2.78 0.00e+0 0.00e+00 0.00e+0 0.00e+0 6.98e-1 2.89e-1 2.39e-3 1.66e+0 4.79e-1
  0  0  15 PSN 1.54e-3  0.00 3.54 4.98  13.30  4.95  2.78 0.00e+0 0.00e+00 0.00e+0 0.00e+0 6.98e-1 2.89e-1 2.39e-3 1.66e+0 4.79e-1
  0  0  20 MS  6.82e+4  0.00 4.55 4.61  20.00  0.00  0.00 0.00e+0 0.00e+00 0.00e+0 0.00e+0 7.21e-1 2.65e-1 6.95e-4 2.96e-1 1.21e-1
  0  0  20 H   9.09e+6  9.91 4.45 5.04  19.50  5.67  0.00 0.00e+0 0.00e+00 0.00e+0 0.00e+0 7.21e-1 2.65e-1 6.95e-4 2.96e-1 1.21e-1
  0  0  20 He  5.83e+5  3.59 4.38 5.20   7.86  7.30  3.65 0.00e+0 0.00e+00 0.00e+0 0.00e+0 3.71e-1 6.16e-1 8.33e-3 1.56e+2 6.39e+1
  0  0  20 C   1.79e+3  0.56 3.88 5.23   7.55  7.29  3.95 0.00e+0 0.00e+00 0.00e+0 0.00e+0 3.18e-1 6.69e-1 8.32e-3 1.48e+2 6.45e+1
  0  0  20 Ne  4.15e-1  0.74 4.00 5.23   7.54  7.29  3.86 0.00e+0 0.00e+00 0.00e+0 0.00e+0 3.16e-1 6.71e-1 8.32e-3 1.47e+2 6.43e+1
  0  0  20 O   1.27e+0  0.93 4.02 5.23   7.54  7.29  3.86 0.00e+0 0.00e+00 0.00e+0 0.00e+0 3.16e-1 6.71e-1 8.32e-3 1.47e+2 6.43e+1
  0  0  20 Si  5.64e-2  1.09 4.01 5.23   7.54  7.29  3.86 0.00e+0 0.00e+00 0.00e+0 0.00e+0 3.16e-1 6.71e-1 8.32e-3 1.47e+2 6.43e+1
  0  0  20 PSN 1.31e-3  0.00 4.01 5.23   7.54  7.29  3.86 0.00e+0 0.00e+00 0.00e+0 0.00e+0 3.16e-1 6.71e-1 8.32e-3 1.47e+2 6.43e+1
  0  0  25 MS  4.95e+4  0.00 4.59 4.86  25.00  0.00  0.00 0.00e+0 0.00e+00 0.00e+0 0.00e+0 7.21e-1 2.65e-1 6.95e-4 2.96e-1 1.21e-1
  0  0  25 H   7.21e+6 13.50 4.45 5.26  23.90  7.79  0.00 0.00e+0 0.00e+00 0.00e+0 0.00e+0 7.21e-1 2.65e-1 6.95e-4 2.96e-1 1.21e-1
  0  0  25 He  5.33e+5  6.03 5.16 5.23   8.66  0.00  6.15 0.00e+0 0.00e+00 0.00e+0 0.00e+0 0.00e+0 9.87e-1 8.28e-3 7.27e+1 1.04e+2
  0  0  25 C   6.88e+2  0.04 5.11 5.40   8.54  0.00  6.21 0.00e+0 0.00e+00 0.00e+0 0.00e+0 0.00e+0 9.87e-1 8.28e-3 7.23e+1 1.04e+2
  0  0  25 Ne  4.11e-1  0.61 5.11 5.40   8.54  0.00  6.21 0.00e+0 0.00e+00 0.00e+0 0.00e+0 0.00e+0 9.87e-1 8.28e-3 7.23e+1 1.04e+2
  0  0  25 O   6.59e-1  0.99 5.10 5.39   8.54  0.00  6.22 0.00e+0 0.00e+00 0.00e+0 0.00e+0 0.00e+0 9.87e-1 8.28e-3 7.23e+1 1.04e+2
  0  0  25 Si  2.96e-2  1.13 5.09 5.38   8.54  0.00  6.22 0.00e+0 0.00e+00 0.00e+0 0.00e+0 0.00e+0 9.87e-1 8.28e-3 7.23e+1 1.04e+2
  0  0  25 PSN 1.07e-3  0.00 5.09 5.38   8.54  0.00  6.21 0.00e+0 0.00e+00 0.00e+0 0.00e+0 0.00e+0 9.87e-1 8.28e-3 7.23e+1 1.04e+2
  0  0  30 MS  3.97e+4  0.00 4.61 5.06  30.00  0.00  0.00 0.00e+0 0.00e+00 0.00e+0 0.00e+0 7.21e-1 2.65e-1 6.95e-4 2.96e-1 1.21e-1
  0  0  30 H   6.13e+6 17.30 4.45 5.42  28.00  9.93  0.00 0.00e+0 0.00e+00 0.00e+0 0.00e+0 7.21e-1 2.65e-1 6.95e-4 2.96e-1 1.21e-1
  0  0  30 He  4.50e+5  7.81 5.18 5.41  11.00  0.00  7.85 0.00e+0 0.00e+00 0.00e+0 0.00e+0 0.00e+0 9.87e-1 8.28e-3 7.08e+1 1.07e+2
  0  0  30 C   4.59e+2  0.00 5.15 5.54  10.80  0.00  7.93 0.00e+0 0.00e+00 0.00e+0 0.00e+0 0.00e+0 9.87e-1 8.28e-3 7.04e+1 1.07e+2
  0  0  30 Ne  1.41e-1  0.65 5.15 5.55  10.80  0.00  7.92 0.00e+0 0.00e+00 0.00e+0 0.00e+0 0.00e+0 9.87e-1 8.28e-3 7.04e+1 1.07e+2
  0  0  30 O   1.51e-1  1.27 5.16 5.55  10.80  0.00  7.91 0.00e+0 0.00e+00 0.00e+0 0.00e+0 0.00e+0 9.87e-1 8.28e-3 7.04e+1 1.07e+2
  0  0  30 Si  7.65e-4  1.08 5.16 5.55  10.80  0.00  7.91 0.00e+0 0.00e+00 0.00e+0 0.00e+0 0.00e+0 9.87e-1 8.28e-3 7.04e+1 1.07e+2
  0  0  30 PSN 4.82e-4  0.00 5.16 5.55  10.80  0.00  7.91 0.00e+0 0.00e+00 0.00e+0 0.00e+0 0.00e+0 9.87e-1 8.28e-3 7.04e+1 1.07e+2
  0  0  40 MS  3.38e+4  0.00 4.65 5.34  40.00  0.00  0.00 0.00e+0 0.00e+00 0.00e+0 0.00e+0 7.21e-1 2.65e-1 6.95e-4 2.96e-1 1.21e-1
  0  0  40 H   4.88e+6 25.00 4.41 5.64  35.30 14.40  0.00 0.00e+0 0.00e+00 0.00e+0 0.00e+0 7.21e-1 2.65e-1 6.95e-4 2.96e-1 1.21e-1
  0  0  40 He  3.82e+5 11.50 5.20 5.61  14.30  0.00  7.15 0.00e+0 0.00e+00 0.00e+0 0.00e+0 0.00e+0 9.87e-1 8.26e-3 6.44e+1 1.07e+2
  0  0  40 C   1.93e+2  0.00 5.27 5.71  14.10  0.00 11.60 0.00e+0 0.00e+00 0.00e+0 0.00e+0 0.00e+0 9.87e-1 8.26e-3 6.41e+1 1.04e+2
  0  0  40 Ne  1.40e-1  0.51 5.28 5.71  14.10  0.00 10.80 0.00e+0 0.00e+00 0.00e+0 0.00e+0 0.00e+0 9.87e-1 8.26e-3 6.41e+1 1.04e+2
  0  0  40 O   1.82e-1  1.25 5.27 5.71  14.10  0.00 10.60 0.00e+0 0.00e+00 0.00e+0 0.00e+0 0.00e+0 9.87e-1 8.26e-3 6.41e+1 1.04e+2
  0  0  40 Si  1.00e-3  1.05 5.27 5.70  14.10  0.00 10.60 0.00e+0 0.00e+00 0.00e+0 0.00e+0 0.00e+0 9.87e-1 8.26e-3 6.41e+1 1.04e+2
  0  0  40 PSN 5.05e-4  0.00 5.27 5.71  14.10  0.00 10.60 0.00e+0 0.00e+00 0.00e+0 0.00e+0 0.00e+0 9.87e-1 8.26e-3 6.41e+1 1.04e+2
  0  0  60 MS  2.58e+4  0.00 4.69 5.69  60.00  0.00  0.00 0.00e+0 0.00e+00 0.00e+0 0.00e+0 7.21e-1 2.65e-1 6.95e-4 2.96e-1 1.21e-1
  0  0  60 H   3.82e+6 41.20 3.91 5.90  41.50 23.10  0.00 0.00e+0 0.00e+00 0.00e+0 0.00e+0 6.99e-1 2.88e-1 6.56e-3 1.26e+2 3.06e+0
  0  0  60 He  3.52e+5 17.90 5.23 5.74  17.00  0.00  6.44 0.00e+0 0.00e+00 0.00e+0 0.00e+0 0.00e+0 5.11e-1 4.59e-1 1.12e-0 7.37e-0
  0  0  60 C   1.80e+2  0.00 5.33 5.84  17.00  0.00 13.20 0.00e+0 0.00e+00 0.00e+0 0.00e+0 0.00e+0 5.00e-1 5.18e-1 1.24e-0 7.82e-0
  0  0  60 Ne  1.06e-1  0.44 5.35 5.85  17.00  0.00 13.20 0.00e+0 0.00e+00 0.00e+0 0.00e+0 0.00e+0 5.00e-1 5.18e-1 1.24e-0 7.82e-0
  0  0  60 O   9.50e-2  1.53 5.35 5.85  17.00  0.00 13.00 0.00e+0 0.00e+00 0.00e+0 0.00e+0 0.00e+0 5.00e-1 5.18e-1 1.24e-0 7.82e-0
  0  0  60 Si  7.32e-4  1.14 5.35 5.85  17.00  0.00 13.00 0.00e+0 0.00e+00 0.00e+0 0.00e+0 0.00e+0 5.00e-1 5.18e-1 1.24e-0 7.82e-0
  0  0  60 PSN 4.29e-4  0.00 5.35 5.85  17.00  0.00 13.00 0.00e+0 0.00e+00 0.00e+0 0.00e+0 0.00e+0 5.00e-1 5.18e-1 1.24e-0 7.82e-0
  0  0  80 MS  2.19e+4  0.00 4.71 5.92  80.00  0.00  0.00 0.00e+0 0.00e+00 0.00e+0 0.00e+0 7.21e-1 2.65e-1 6.95e-4 2.96e-1 1.21e-1
  0  0  80 H   3.33e+6 58.80 4.45 6.09  44.40 32.00  0.00 0.00e+0 0.00e+00 0.00e+0 0.00e+0 3.47e-1 6.40e-1 8.32e-3 1.18e+2 8.05e+1
  0  0  80 He  3.20e+5 26.30 5.24 5.93  22.80  0.00  0.02 0.00e+0 0.00e+00 0.00e+0 0.00e+0 0.00e+0 4.99e-1 1.03e-0 2.52e-0 1.42e-9
  0  0  80 C   7.16e+1  0.00 5.36 6.03  22.70  0.00 18.00 0.00e+0 0.00e+00 0.00e+0 0.00e+0 0.00e+0 4.89e-1 1.16e-0 2.80e-0 1.51e-9
  0  0  80 Ne  8.01e-2  0.00 5.37 6.04  22.70  0.00 18.00 0.00e+0 0.00e+00 0.00e+0 0.00e+0 0.00e+0 4.89e-1 1.16e-0 2.80e-0 1.51e-9
  0  0  80 O   4.11e-2  1.68 5.38 6.04  22.70  0.00 18.00 0.00e+0 0.00e+00 0.00e+0 0.00e+0 0.00e+0 4.89e-1 1.16e-0 2.80e-0 1.51e-9
  0  0  80 Si  3.81e-4  1.16 5.38 6.04  22.70  0.00 18.00 0.00e+0 0.00e+00 0.00e+0 0.00e+0 0.00e+0 4.89e-1 1.16e-0 2.80e-0 1.51e-9
  0  0  80 PSN 3.43e-4  0.00 5.38 6.04  22.70  0.00 18.00 0.00e+0 0.00e+00 0.00e+0 0.00e+0 0.00e+0 4.89e-1 1.16e-0 2.80e-0 1.51e-9
  0  0 120 MS  1.89e+4  0.00 4.73 6.21 120.00  0.00  0.00 0.00e+0 0.00e+00 0.00e+0 0.00e+0 7.21e-1 2.65e-1 6.95e-4 2.96e-1 1.21e-1
  0  0 120 H   2.82e+6 93.00 4.71 6.21  48.30 42.40  0.00 0.00e+0 0.00e+00 0.00e+0 0.00e+0 3.84e-2 9.48e-1 8.29e-3 7.80e+1 9.98e+1
  0  0 120 He  3.03e+5 35.70 5.24 6.05  28.00  0.00  0.01 0.00e+0 0.00e+00 0.00e+0 0.00e+0 0.00e+0 4.79e-1 2.28e-0 5.47e-0 2.63e-9
  0  0 120 C   4.72e+1  0.00 5.36 6.15  27.90  0.00 22.00 0.00e+0 0.00e+00 0.00e+0 0.00e+0 0.00e+0 4.79e-1 2.29e-0 5.51e-0 2.64e-9
  0  0 120 Ne  6.84e-2  0.00 5.37 6.16  27.90  0.00 22.00 0.00e+0 0.00e+00 0.00e+0 0.00e+0 0.00e+0 4.79e-1 2.29e-0 5.51e-0 2.64e-9
  0  0 120 O   3.06e-2  1.76 5.37 6.16  27.90  0.00 22.00 0.00e+0 0.00e+00 0.00e+0 0.00e+0 0.00e+0 4.79e-1 2.29e-0 5.51e-0 2.64e-9
  0  0 120 Si  2.56e-4  1.18 5.37 6.16  27.90  0.00 22.00 0.00e+0 0.00e+00 0.00e+0 0.00e+0 0.00e+0 4.79e-1 2.29e-0 5.51e-0 2.64e-9
  0  0 120 PSN 2.86e-4  0.00 5.37 6.16  27.90  0.00 22.00 0.00e+0 0.00e+00 0.00e+0 0.00e+0 0.00e+0 4.79e-1 2.29e-0 5.51e-0 2.64e-9
150  0  13 MS  1.55e+5  0.00 4.46 4.08  13.00  0.00  0.00 1.50e+2 4.98e-05 3.53e-1 8.44e-2 7.21e-1 2.65e-1 6.95e-4 2.96e-1 1.21e-1
150  0  13 H   1.93e+7  5.46 4.40 4.67  12.70  3.46  0.00 4.69e+1 5.89e-06 1.86e-1 5.79e-2 6.84e-1 3.02e-1 2.59e-3 1.83e+0 5.42e-1
150  0  13 He  1.47e+6  2.96 5.13 4.82   5.12  5.04  3.28 1.89e-2 5.75e-08 2.42e-5 5.27e-3 3.62e-4 9.43e-1 3.26e-2 4.58e+0 3.46e+0
150  0  13 C   1.42e+3  0.32 5.07 5.08   5.06  0.00  3.72 3.09e+1 5.35e-05 5.25e-2 5.13e-3 0.00e+0 9.22e-1 2.64e-2 9.79e-1 1.52e+0
150  0  13 Ne  1.18e+0  0.65 5.07 5.08   5.06  0.00  3.64 3.03e+1 5.14e-05 5.20e-2 5.13e-3 0.00e+0 9.22e-1 2.64e-2 9.78e-1 1.52e+0
150  0  13 O   1.45e+0  1.09 5.08 5.09   5.06  0.00  3.64 3.13e+1 5.49e-05 5.29e-2 5.13e-3 0.00e+0 9.22e-1 2.64e-2 9.78e-1 1.52e+0
150  0  13 Si  3.91e-2  1.14 5.08 5.10   5.06  0.00  3.41 3.19e+1 5.70e-05 5.34e-2 5.13e-3 0.00e+0 9.22e-1 2.64e-2 9.78e-1 1.52e+0
150  0  13 PSN 2.24e-3  0.00 5.09 5.10   5.06  0.00  3.41 3.24e+1 5.91e-05 5.38e-2 5.13e-3 0.00e+0 9.22e-1 2.64e-2 9.78e-1 1.52e+0
150  0  15 MS  1.29e+5  0.00 4.49 4.26  15.00  0.00  0.00 1.50e+2 4.60e-05 3.43e-1 1.09e-1 7.21e-1 2.65e-1 6.95e-4 2.96e-1 1.21e-1
150  0  15 H   1.56e+7  6.66 4.42 4.85  14.70  4.39  0.00 7.00e+1 7.75e-06 2.72e-1 8.07e-2 6.90e-1 2.97e-1 2.45e-3 1.64e+0 5.05e-1
150  0  15 He  1.26e+6  3.87 5.13 5.02   6.37  6.24  5.21 4.57e+1 1.10e-04 5.88e-2 7.76e-3 1.48e-2 9.51e-1 2.56e-2 1.15e+2 8.40e+0
150  0  15 C   6.43e+2  0.00 5.14 5.22   6.31  0.00  4.79 3.95e+1 7.82e-05 5.63e-2 7.58e-3 7.77e-7 9.48e-1 3.20e-2 5.53e+0 3.72e+0
150  0  15 Ne  2.29e-1  0.42 5.14 5.23   6.31  0.00  4.79 4.07e+1 8.30e-05 5.72e-2 7.58e-3 7.75e-7 9.48e-1 3.20e-2 5.52e+0 3.72e+0
150  0  15 O   4.51e-1  1.21 5.15 5.23   6.31  0.00  4.33 4.09e+1 8.40e-05 5.74e-2 7.58e-3 7.74e-7 9.48e-1 3.20e-2 5.52e+0 3.72e+0
150  0  15 Si  1.52e-2  1.21 5.13 5.22   6.31  0.00  4.33 3.92e+1 7.70e-05 5.61e-2 7.57e-3 7.74e-7 9.48e-1 3.20e-2 5.52e+0 3.72e+0
150  0  15 PSN 1.10e-4  0.00 5.13 5.22   6.31  0.00  4.16 3.90e+1 7.63e-05 5.60e-2 7.57e-3 7.74e-7 9.48e-1 3.20e-2 5.52e+0 3.72e+0
150  0  20 MS  7.43e+4  0.00 4.55 4.61  20.00  0.00  0.00 1.48e+2 3.89e-05 3.19e-1 1.80e-1 7.21e-1 2.65e-1 6.95e-4 2.96e-1 1.21e-1
150  0  20 H   1.10e+7  9.94 4.45 5.18  19.20  6.89  0.00 4.64e+1 4.01e-06 1.80e-1 1.11e-1 6.68e-1 3.18e-1 2.96e-3 2.14e+0 6.75e-1
150  0  20 He  7.75e+5  5.63 5.18 5.18   7.76  0.00  6.40 6.39e+1 1.63e-04 7.24e-2 1.11e-2 0.00e+0 6.23e-1 7.06e-3 2.64e-2 7.77e-2
150  0  20 C   8.12e+2  0.00 5.21 5.36   7.71  0.00  5.79 5.82e+1 1.36e-04 6.91e-2 1.09e-2 0.00e+0 5.97e-1 6.51e-3 2.30e-2 6.42e-2
150  0  20 Ne  2.14e-1  0.71 5.22 5.37   7.71  0.00  5.79 6.03e+1 1.45e-04 7.03e-2 1.09e-2 0.00e+0 5.97e-1 6.51e-3 2.30e-2 6.42e-2
150  0  20 O   2.80e-1  1.29 5.23 5.38   7.71  0.00  5.52 6.29e+1 1.58e-04 7.19e-2 1.09e-2 0.00e+0 5.97e-1 6.51e-3 2.30e-2 6.42e-2
150  0  20 Si  7.65e-4  1.12 5.22 5.37   7.71  0.00  5.52 6.22e+1 1.55e-04 7.15e-2 1.09e-2 0.00e+0 5.97e-1 6.51e-3 2.30e-2 6.42e-2
150  0  20 PSN 7.48e-4  0.00 5.23 5.37   7.71  0.00  5.52 6.24e+1 1.56e-04 7.16e-2 1.09e-2 0.00e+0 5.97e-1 6.51e-3 2.30e-2 6.42e-2
150  0  25 MS  6.35e+4  0.00 4.58 4.86  25.00  0.00  0.00 1.48e+2 3.44e-05 3.04e-1 2.60e-1 7.21e-1 2.65e-1 6.95e-4 2.96e-1 1.21e-1
150  0  25 H   8.54e+6 13.50 4.47 5.37  23.10  9.13  0.00 2.32e+1 1.83e-06 8.64e-2 1.28e-1 6.43e-1 3.44e-1 3.59e-3 2.87e+0 9.32e-1
150  0  25 He  6.27e+5  7.40 5.20 5.32   9.29  0.00  7.74 6.54e+1 1.52e-04 7.08e-2 1.46e-2 0.00e+0 5.32e-1 3.18e-3 9.08e-3 3.17e-2
150  0  25 C   5.49e+2  0.00 5.26 5.47   9.25  0.00  7.15 7.41e+1 1.96e-04 7.53e-2 1.45e-2 0.00e+0 5.14e-1 2.98e-3 8.27e-3 2.75e-2
150  0  25 Ne  9.77e-1  0.65 5.25 5.46   9.25  0.00  6.91 7.13e+1 1.82e-04 7.40e-2 1.45e-2 0.00e+0 5.14e-1 2.98e-3 8.27e-3 2.75e-2
150  0  25 O   6.49e-1  1.29 5.27 5.48   9.25  0.00  6.91 7.68e+1 2.11e-04 7.67e-2 1.45e-2 0.00e+0 5.14e-1 2.98e-3 8.27e-3 2.75e-2
150  0  25 Si  2.06e-3  1.21 5.28 5.48   9.25  0.00  6.91 7.93e+1 2.25e-04 7.80e-2 1.45e-2 0.00e+0 5.14e-1 2.98e-3 8.27e-3 2.75e-2
150  0  25 PSN 1.25e-3  0.00 5.29 5.49   9.25  0.00  6.91 8.09e+1 2.34e-04 7.87e-2 1.45e-2 0.00e+0 5.14e-1 2.98e-3 8.27e-3 2.75e-2
150  0  30 MS  4.62e+4  0.00 4.61 5.05  30.00  0.00  0.00 1.48e+2 3.12e-05 2.91e-1 3.54e-1 7.21e-1 2.65e-1 6.95e-4 2.96e-1 1.21e-1
150  0  30 H   7.22e+6 17.30 4.51 5.52  26.50 11.60  0.00 9.11e+0 7.16e-07 3.18e-2 1.45e-1 5.98e-1 3.89e-1 4.52e-3 4.41e+0 1.47e+0
150  0  30 He  5.41e+5  9.42 5.21 5.46  11.30  0.00  9.48 6.66e+1 1.40e-04 6.88e-2 2.00e-2 0.00e+0 4.68e-1 2.06e-3 5.22e-3 1.70e-2
150  0  30 C   3.76e+2  0.00 5.30 5.58  11.20  0.00  8.55 8.77e+1 2.44e-04 7.90e-2 1.98e-2 0.00e+0 4.55e-1 1.94e-3 4.84e-3 1.52e-2
150  0  30 Ne  2.28e-1  0.57 5.31 5.58  11.20  0.00  8.51 9.01e+1 2.58e-04 8.00e-2 1.98e-2 0.00e+0 4.55e-1 1.94e-3 4.84e-3 1.52e-2
150  0  30 O   3.89e-1  1.11 5.30 5.57  11.20  0.00  8.51 8.64e+1 2.37e-04 7.84e-2 1.98e-2 0.00e+0 4.55e-1 1.94e-3 4.84e-3 1.52e-2
150  0  30 Si  2.52e-3  1.11 5.29 5.57  11.20  0.00  8.51 8.49e+1 2.29e-04 7.77e-2 1.98e-2 0.00e+0 4.55e-1 1.94e-3 4.84e-3 1.52e-2
150  0  30 PSN 1.24e-3  0.00 5.29 5.57  11.20  0.00  8.51 8.46e+1 2.27e-04 7.75e-2 1.98e-2 0.00e+0 4.55e-1 1.94e-3 4.84e-3 1.52e-2
150  0  40 MS  3.55e+4  0.00 4.65 5.33  40.00  0.00  0.00 1.50e+2 2.71e-05 2.77e-1 5.58e-1 7.21e-1 2.65e-1 6.95e-4 2.96e-1 1.21e-1
150  0  40 H   5.63e+6 25.00 4.54 5.70  32.70 15.90  0.00 6.38e+0 4.56e-07 2.10e-2 1.93e-1 5.47e-1 4.39e-1 5.71e-3 7.81e+0 2.64e+0
150  0  40 He  4.68e+5 12.20 5.22 5.60  13.80  0.00 11.60 6.57e+1 1.25e-04 6.47e-2 2.67e-2 0.00e+0 4.20e-1 9.89e-4 2.31e-3 7.34e-3
150  0  40 C   1.86e+2  0.00 5.34 5.71  13.70  0.00 10.70 1.00e+2 2.92e-04 8.00e-2 2.65e-2 0.00e+0 4.09e-1 9.32e-4 2.16e-3 6.58e-3
150  0  40 Ne  1.35e-1  0.53 5.35 5.72  13.70  0.00 10.60 1.03e+2 3.10e-04 8.12e-2 2.65e-2 0.00e+0 4.09e-1 9.32e-4 2.16e-3 6.58e-3
150  0  40 O   1.58e-1  1.32 5.34 5.71  13.70  0.00 10.60 1.01e+2 2.93e-04 8.01e-2 2.65e-2 0.00e+0 4.09e-1 9.32e-4 2.16e-3 6.58e-3
150  0  40 Si  8.18e-4  1.13 5.34 5.71  13.70  0.00 10.60 9.95e+1 2.87e-04 7.97e-2 2.65e-2 0.00e+0 4.09e-1 9.32e-4 2.16e-3 6.58e-3
150  0  40 PSN 6.27e-4  0.00 5.34 5.71  13.70  0.00 10.60 9.87e+1 2.82e-04 7.93e-2 2.65e-2 0.00e+0 4.09e-1 9.32e-4 2.16e-3 6.58e-3
150  0  60 MS  2.60e+4  0.00 4.69 5.69  60.00  0.00  0.00 1.48e+2 2.15e-05 2.49e-1 1.06e+0 7.21e-1 2.65e-1 6.95e-4 2.96e-1 1.21e-1
150  0  60 H   4.27e+6 41.20 4.51 5.96  44.00 24.40  0.00 5.69e+0 2.76e-07 1.96e-2 3.02e-1 4.91e-1 4.95e-1 6.83e-3 1.51e+1 5.36e+0
150  0  60 He  3.84e+5 19.50 5.24 5.83  19.30  0.00  9.37 6.88e+1 1.09e-04 6.28e-2 4.62e-2 0.00e+0 3.71e-1 1.35e-4 3.10e-4 7.76e-4
150  0  60 C   9.79e+1  0.00 5.38 5.94  19.30  0.00 15.00 1.14e+2 3.00e-04 8.07e-2 4.59e-2 0.00e+0 3.59e-1 1.27e-4 2.89e-4 6.83e-4
150  0  60 Ne  9.21e-2  0.05 5.38 5.94  19.30  0.00 15.00 1.16e+2 3.10e-04 8.14e-2 4.59e-2 0.00e+0 3.59e-1 1.27e-4 2.89e-4 6.83e-4
150  0  60 O   5.49e-2  1.67 5.37 5.94  19.30  0.00 15.00 1.13e+2 2.95e-04 8.04e-2 4.59e-2 0.00e+0 3.59e-1 1.27e-4 2.89e-4 6.83e-4
150  0  60 Si  5.24e-4  1.19 5.37 5.93  19.30  0.00 15.00 1.12e+2 2.90e-04 8.01e-2 4.59e-2 0.00e+0 3.59e-1 1.27e-4 2.89e-4 6.83e-4
150  0  60 PSN 4.55e-4  0.00 5.38 5.94  19.30  0.00 15.00 1.14e+2 2.99e-04 8.07e-2 4.59e-2 0.00e+0 3.59e-1 1.27e-4 2.89e-4 6.83e-4
150  0  80 MS  2.18e+4  0.00 4.71 5.92  80.00  0.00  0.00 1.50e+2 1.86e-05 2.37e-1 1.63e+0 7.21e-1 2.65e-1 6.95e-4 2.96e-1 1.21e-1
150  0  80 H   3.61e+6 58.80 4.50 6.12  55.00 32.90  0.00 2.00e+0 7.71e-08 6.92e-3 4.26e-1 4.44e-1 5.43e-1 7.48e-3 2.61e+1 9.74e+0
150  0  80 He  3.47e+5 26.70 5.24 5.98  24.80  0.00  9.34 6.96e+1 9.44e-05 6.04e-2 6.91e-2 0.00e+0 3.23e-1 3.26e-5 7.44e-5 1.47e-4
150  0  80 C   5.13e+1  0.00 5.38 6.09  24.80  0.00 19.90 1.12e+2 2.47e-04 7.68e-2 6.86e-2 0.00e+0 3.10e-1 2.97e-5 6.77e-5 1.26e-4
150  0  80 Ne  6.80e-2  0.00 5.39 6.10  24.80  0.00 19.90 1.16e+2 2.63e-04 7.80e-2 6.86e-2 0.00e+0 3.10e-1 2.97e-5 6.77e-5 1.26e-4
150  0  80 O   3.33e-2  1.76 5.39 6.11  24.80  0.00 19.90 1.16e+2 2.63e-04 7.80e-2 6.86e-2 0.00e+0 3.10e-1 2.97e-5 6.77e-5 1.26e-4
150  0  80 Si  3.08e-4  1.16 5.39 6.10  24.80  0.00 19.90 1.16e+2 2.62e-04 7.79e-2 6.85e-2 0.00e+0 3.10e-1 2.97e-5 6.77e-5 1.26e-4
150  0  80 PSN 3.33e-4  0.00 5.39 6.11  24.80  0.00 19.90 1.16e+2 2.63e-04 7.80e-2 6.85e-2 0.00e+0 3.10e-1 2.97e-5 6.77e-5 1.26e-4
150  0 120 MS  1.90e+4  0.00 4.73 6.21 120.00  0.00  0.00 1.49e+2 1.43e-05 2.20e-1 2.91e+0 7.21e-1 2.65e-1 6.95e-4 2.96e-1 1.21e-1
150  0 120 H   2.98e+6 93.20 4.73 6.17  44.60 36.80  0.00 1.64e+0 1.70e-07 3.83e-3 1.10e-1 2.69e-2 9.60e-1 8.29e-3 7.58e+1 1.01e+2
150  0 120 He  3.21e+5 33.20 5.24 6.02  26.70  0.00  0.05 2.97e+1 3.84e-05 2.55e-2 3.48e-2 0.00e+0 4.30e-1 1.90e-7 4.38e-7 1.60e-6
150  0 120 C   4.74e+1  0.00 5.37 6.13  26.50  0.00 21.10 4.64e+1 9.39e-05 3.19e-2 3.44e-2 0.00e+0 4.18e-1 1.62e-7 3.70e-7 1.29e-6
150  0 120 Ne  6.98e-2  0.00 5.38 6.14  26.50  0.00 21.10 4.77e+1 9.91e-05 3.23e-2 3.44e-2 0.00e+0 4.18e-1 1.62e-7 3.70e-7 1.29e-6
150  0 120 O   3.10e-2  1.75 5.38 6.14  26.50  0.00 21.10 4.77e+1 9.94e-05 3.24e-2 3.44e-2 0.00e+0 4.18e-1 1.62e-7 3.70e-7 1.29e-6
150  0 120 Si  2.68e-4  1.16 5.38 6.14  26.50  0.00 21.10 4.77e+1 9.92e-05 3.24e-2 3.44e-2 0.00e+0 4.18e-1 1.62e-7 3.70e-7 1.29e-6
150  0 120 PSN 3.18e-4  0.00 5.37 6.14  26.50  0.00 21.10 4.74e+1 9.79e-05 3.23e-2 3.44e-2 0.00e+0 4.18e-1 1.62e-7 3.70e-7 1.29e-6
300  0  13 MS  1.49e+5  0.00 4.44 4.03  13.00  0.00  0.00 2.90e+2 8.76e-05 6.56e-1 1.53e-1 7.21e-1 2.65e-1 6.95e-4 2.96e-1 1.21e-1
300  0  13 H   2.15e+7  5.36 4.41 4.75  12.60  3.68  0.00 1.40e+2 1.70e-05 5.32e-1 7.87e-2 6.39e-1 3.48e-1 3.59e-3 3.63e+0 8.57e-1
300  0  13 He  1.39e+6  3.24 5.14 4.87   5.40  0.00  4.36 9.70e-1 2.94e-06 1.21e-3 6.66e-3 0.00e+0 7.85e-1 2.93e-2 2.54e-1 4.89e-1
300  0  13 C   1.32e+3  0.33 5.10 5.13   5.36  0.00  4.04 4.00e+1 7.59e-05 6.31e-2 6.52e-3 0.00e+0 7.50e-1 2.60e-2 1.88e-1 3.46e-1
300  0  13 Ne  3.07e-1  0.70 5.11 5.14   5.36  0.00  4.04 4.12e+1 8.05e-05 6.41e-2 6.52e-3 0.00e+0 7.50e-1 2.60e-2 1.88e-1 3.46e-1
300  0  13 O   6.85e-1  1.14 5.12 5.14   5.36  0.00  3.68 4.19e+1 8.32e-05 6.46e-2 6.52e-3 0.00e+0 7.50e-1 2.60e-2 1.88e-1 3.46e-1
300  0  13 Si  7.89e-3  1.12 5.11 5.13   5.36  0.00  3.68 4.05e+1 7.78e-05 6.35e-2 6.51e-3 0.00e+0 7.50e-1 2.60e-2 1.88e-1 3.46e-1
300  0  13 PSN 1.78e-3  0.00 5.11 5.13   5.36  0.00  3.68 4.03e+1 7.70e-05 6.34e-2 6.51e-3 0.00e+0 7.50e-1 2.60e-2 1.88e-1 3.46e-1
300  0  15 MS  1.36e+5  0.00 4.47 4.25  15.00  0.00  0.00 2.93e+2 8.21e-05 6.45e-1 2.00e-1 7.21e-1 2.65e-1 6.95e-4 2.96e-1 1.21e-1
300  0  15 H   1.69e+7  6.55 4.42 4.89  14.70  4.58  0.00 1.49e+2 1.58e-05 5.57e-1 1.27e-1 6.48e-1 3.39e-1 3.53e-3 3.44e+0 8.40e-1
300  0  15 He  1.27e+6  3.93 5.16 5.00   6.27  0.00  5.10 5.29e+1 1.51e-04 6.30e-2 9.36e-3 0.00e+0 7.10e-1 4.61e-2 3.46e-1 4.69e-1
300  0  15 C   9.15e+2  0.00 5.14 5.22   6.23  0.00  4.26 5.48e+1 1.12e-04 7.73e-2 9.19e-3 0.00e+0 6.75e-1 4.20e-2 2.75e-1 3.58e-1
300  0  15 Ne  4.95e-1  0.64 5.14 5.22   6.23  0.00  4.59 5.36e+1 1.07e-04 7.64e-2 9.19e-3 0.00e+0 6.75e-1 4.20e-2 2.75e-1 3.58e-1
300  0  15 O   4.24e-1  1.26 5.15 5.22   6.23  0.00  4.30 5.56e+1 1.16e-04 7.79e-2 9.19e-3 0.00e+0 6.75e-1 4.20e-2 2.75e-1 3.58e-1
300  0  15 Si  1.17e-3  1.34 5.16 5.23   6.23  0.00  4.31 5.72e+1 1.22e-04 7.89e-2 9.18e-3 0.00e+0 6.75e-1 4.20e-2 2.75e-1 3.58e-1
300  0  15 PSN 3.29e-4  0.00 5.16 5.23   6.23  0.00  4.31 5.76e+1 1.24e-04 7.92e-2 9.17e-3 0.00e+0 6.75e-1 4.20e-2 2.75e-1 3.58e-1
300  0  20 MS  8.03e+4  0.00 4.53 4.59  20.00  0.00  0.00 3.01e+2 7.27e-05 6.23e-1 3.47e-1 7.21e-1 2.65e-1 6.95e-4 2.96e-1 1.21e-1
300  0  20 H   1.17e+7  9.77 4.48 5.20  19.00  7.09  0.00 1.11e+2 1.11e-05 3.92e-1 1.69e-1 6.10e-1 3.77e-1 4.20e-3 4.49e+0 1.18e+0
300  0  20 He  8.18e+5  5.68 5.19 5.22   8.22  0.00  6.72 4.27e-1 1.07e-06 4.73e-4 1.65e-2 0.00e+0 4.97e-1 5.59e-2 1.96e-1 3.90e-1
300  0  20 C   8.35e+2  0.00 5.19 5.40   8.18  0.00  6.24 8.29e+1 1.74e-04 1.01e-1 1.63e-2 0.00e+0 4.75e-1 5.19e-2 1.75e-1 3.30e-1
300  0  20 Ne  7.18e-1  0.71 5.20 5.41   8.18  0.00  6.29 8.40e+1 1.78e-04 1.01e-1 1.63e-2 0.00e+0 4.75e-1 5.19e-2 1.75e-1 3.30e-1
300  0  20 O   4.15e-1  1.32 5.22 5.42   8.18  0.00  5.88 8.96e+1 2.03e-04 1.05e-1 1.63e-2 0.00e+0 4.75e-1 5.19e-2 1.75e-1 3.30e-1
300  0  20 Si  8.39e-4  1.13 5.23 5.43   8.18  0.00  5.92 9.29e+1 2.18e-04 1.07e-1 1.63e-2 0.00e+0 4.75e-1 5.19e-2 1.75e-1 3.30e-1
300  0  20 PSN 1.16e-3  0.00 5.23 5.44   8.18  0.00  5.92 9.47e+1 2.27e-04 1.08e-1 1.63e-2 0.00e+0 4.75e-1 5.19e-2 1.75e-1 3.30e-1
300  0  25 MS  5.99e+4  0.00 4.57 4.85  25.00  0.00  0.00 2.99e+2 6.44e-05 5.93e-1 4.84e-1 7.21e-1 2.65e-1 6.95e-4 2.96e-1 1.21e-1
300  0  25 H   9.29e+6 13.40 4.54 5.42  22.40  9.85  0.00 2.70e+1 2.79e-06 8.93e-2 1.54e-1 5.41e-1 4.45e-1 5.19e-3 6.82e+0 1.94e+0
300  0  25 He  6.27e+5  7.65 5.20 5.34   9.52  0.00  7.93 9.11e+1 2.13e-04 9.73e-2 1.91e-2 0.00e+0 4.46e-1 2.86e-3 7.00e-3 2.28e-2
300  0  25 C   5.14e+2  0.00 5.28 5.48   9.48  0.00  7.16 1.09e+2 3.03e-04 1.06e-1 1.89e-2 0.00e+0 4.31e-1 2.70e-3 6.51e-3 1.99e-2
300  0  25 Ne  7.66e-1  0.61 5.27 5.48   9.48  0.00  7.16 1.06e+2 2.89e-04 1.05e-1 1.89e-2 0.00e+0 4.31e-1 2.70e-3 6.51e-3 1.99e-2
300  0  25 O   7.46e-1  1.11 5.28 5.48   9.48  0.00  7.16 1.10e+2 3.11e-04 1.07e-1 1.89e-2 0.00e+0 4.31e-1 2.70e-3 6.51e-3 1.99e-2
300  0  25 Si  1.97e-3  1.09 5.29 5.49   9.48  0.00  7.16 1.15e+2 3.38e-04 1.09e-1 1.89e-2 0.00e+0 4.31e-1 2.70e-3 6.51e-3 1.99e-2
300  0  25 PSN 1.17e-3  0.00 5.30 5.50   9.48  0.00  7.16 1.18e+2 3.57e-04 1.11e-1 1.89e-2 0.00e+0 4.31e-1 2.70e-3 6.51e-3 1.99e-2
300  0  30 MS  5.07e+4  0.00 4.59 5.04  30.00  0.00  0.00 2.97e+2 5.85e-05 5.68e-1 6.85e-1 7.21e-1 2.65e-1 6.95e-4 2.96e-1 1.21e-1
300  0  30 H   7.88e+6 17.10 4.59 5.56  25.00 12.40  0.00 2.06e+1 2.22e-06 6.32e-2 1.60e-1 4.70e-1 5.17e-1 6.22e-3 1.13e+1 3.44e+0
300  0  30 He  5.50e+5  9.36 5.21 5.46  11.20  0.00  9.43 8.14e+1 1.73e-04 8.38e-2 2.30e-2 0.00e+0 4.25e-1 2.05e-3 4.83e-3 1.54e-2
300  0  30 C   3.65e+2  0.00 5.31 5.58  11.20  0.00  8.49 1.10e+2 3.18e-04 9.76e-2 2.28e-2 0.00e+0 4.14e-1 1.94e-3 4.54e-3 1.38e-2
300  0  30 Ne  2.54e-1  0.56 5.31 5.58  11.20  0.00  8.46 1.12e+2 3.27e-04 9.83e-2 2.28e-2 0.00e+0 4.14e-1 1.94e-3 4.54e-3 1.38e-2
300  0  30 O   4.40e-1  1.11 5.30 5.57  11.20  0.00  8.46 1.07e+2 3.01e-04 9.63e-2 2.28e-2 0.00e+0 4.14e-1 1.94e-3 4.54e-3 1.38e-2
300  0  30 Si  6.56e-3  1.15 5.30 5.57  11.20  0.00  8.46 1.06e+2 2.95e-04 9.58e-2 2.28e-2 0.00e+0 4.14e-1 1.94e-3 4.54e-3 1.38e-2
300  0  30 PSN 1.28e-3  0.00 5.30 5.57  11.20  0.00  8.46 1.07e+2 2.99e-04 9.61e-2 2.28e-2 0.00e+0 4.14e-1 1.94e-3 4.54e-3 1.38e-2
300  0  40 MS  3.66e+4  0.00 4.63 5.32  40.00  0.00  0.00 2.93e+2 4.97e-05 5.29e-1 1.06e+0 7.21e-1 2.65e-1 6.95e-4 2.96e-1 1.21e-1
300  0  40 H   6.11e+6 24.80 4.62 5.74  30.20 16.80  0.00 1.31e+1 1.31e-06 3.81e-2 1.97e-1 4.10e-1 5.77e-1 7.15e-3 2.05e+1 6.81e+0
300  0  40 He  4.67e+5 12.90 5.22 5.61  13.90  0.00 11.70 8.27e+1 1.57e-04 8.12e-2 3.21e-2 0.00e+0 3.88e-1 4.90e-4 1.11e-3 3.25e-3
300  0  40 C   2.14e+2  0.00 5.34 5.71  13.80  0.00 10.60 1.24e+2 3.55e-04 9.96e-2 3.19e-2 0.00e+0 3.77e-1 4.64e-4 1.04e-3 2.91e-3
300  0  40 Ne  1.41e-1  0.51 5.35 5.72  13.80  0.00 10.60 1.29e+2 3.81e-04 1.01e-1 3.19e-2 0.00e+0 3.77e-1 4.64e-4 1.04e-3 2.91e-3
300  0  40 O   1.76e-1  1.31 5.34 5.71  13.80  0.00 10.60 1.26e+2 3.63e-04 1.00e-1 3.19e-2 0.00e+0 3.77e-1 4.64e-4 1.04e-3 2.91e-3
300  0  40 Si  9.67e-4  1.15 5.34 5.71  13.80  0.00 10.60 1.24e+2 3.55e-04 9.96e-2 3.19e-2 0.00e+0 3.77e-1 4.64e-4 1.04e-3 2.91e-3
300  0  40 PSN 7.11e-4  0.00 5.34 5.71  13.80  0.00 10.60 1.25e+2 3.61e-04 1.00e-1 3.19e-2 0.00e+0 3.77e-1 4.64e-4 1.04e-3 2.91e-3
300  0  60 MS  2.73e+4  0.00 4.67 5.68  60.00  0.00  0.00 2.96e+2 4.07e-05 4.90e-1 2.08e+0 7.21e-1 2.65e-1 6.95e-4 2.96e-1 1.21e-1
300  0  60 H   4.82e+6 40.90 4.85 5.83  25.90 20.60  0.00 8.83e+0 2.29e-06 1.72e-2 6.03e-2 2.48e-2 9.62e-1 8.28e-3 7.81e+1 9.12e+1
300  0  60 He  3.91e+5 18.30 5.23 5.73  16.70  0.00 12.70 4.19e+1 7.10e-05 3.96e-2 2.38e-2 0.00e+0 4.73e-1 4.67e-5 1.13e-4 4.78e-4
300  0  60 C   1.39e+2  0.00 5.36 5.84  16.60  0.00 13.30 6.70e+1 1.83e-04 5.01e-2 2.36e-2 0.00e+0 4.59e-1 4.26e-5 1.02e-4 4.01e-4
300  0  60 Ne  1.04e-1  0.39 5.37 5.85  16.60  0.00 13.00 6.89e+1 1.94e-04 5.08e-2 2.36e-2 0.00e+0 4.59e-1 4.26e-5 1.02e-4 4.01e-4
300  0  60 O   8.83e-2  1.52 5.37 5.85  16.60  0.00 13.00 6.79e+1 1.88e-04 5.04e-2 2.36e-2 0.00e+0 4.59e-1 4.26e-5 1.02e-4 4.01e-4
300  0  60 Si  6.67e-4  1.14 5.36 5.85  16.60  0.00 13.00 6.76e+1 1.86e-04 5.03e-2 2.36e-2 0.00e+0 4.59e-1 4.26e-5 1.02e-4 4.01e-4
300  0  60 PSN 4.70e-4  0.00 5.37 5.85  16.60  0.00 13.00 6.83e+1 1.90e-04 5.06e-2 2.36e-2 0.00e+0 4.59e-1 4.26e-5 1.02e-4 4.01e-4
300  0  80 MS  2.18e+4  0.00 4.70 5.91  80.00  0.00  0.00 3.00e+2 3.63e-05 4.61e-1 3.20e+0 7.21e-1 2.65e-1 6.95e-4 2.96e-1 1.21e-1
300  0  80 H   4.06e+6 58.00 4.82 5.86  27.50 22.00  0.00 4.83e+0 1.09e-06 9.78e-3 5.24e-2 3.16e-2 9.55e-1 8.29e-3 7.98e+1 9.55e+1
300  0  80 He  3.77e+5 19.40 5.23 5.76  17.60  0.00  5.50 3.27e+1 5.34e-05 3.07e-2 2.04e-2 0.00e+0 4.61e-1 1.59e-5 3.74e-5 1.66e-4
300  0  80 C   1.18e+2  0.00 5.35 5.87  17.50  0.00 13.70 5.09e+1 1.30e-04 3.84e-2 2.02e-2 0.00e+0 4.48e-1 1.38e-5 3.18e-5 1.35e-4
300  0  80 Ne  1.02e-1  0.39 5.37 5.88  17.50  0.00 13.70 5.29e+1 1.41e-04 3.91e-2 2.02e-2 0.00e+0 4.48e-1 1.38e-5 3.18e-5 1.35e-4
300  0  80 O   8.49e-2  1.56 5.37 5.88  17.50  0.00 13.70 5.30e+1 1.41e-04 3.91e-2 2.02e-2 0.00e+0 4.48e-1 1.38e-5 3.18e-5 1.35e-4
300  0  80 Si  6.40e-4  1.14 5.36 5.88  17.50  0.00 13.70 5.28e+1 1.40e-04 3.91e-2 2.02e-2 0.00e+0 4.48e-1 1.38e-5 3.18e-5 1.35e-4
300  0  80 PSN 4.49e-4  0.00 5.37 5.88  17.50  0.00 13.70 5.33e+1 1.43e-04 3.93e-2 2.02e-2 0.00e+0 4.48e-1 1.38e-5 3.18e-5 1.35e-4
300  0 120 MS  1.90e+4  0.00 4.72 6.20 120.00  0.00  0.00 2.98e+2 2.72e-05 4.35e-1 5.70e+0 7.21e-1 2.65e-1 6.95e-4 2.96e-1 1.21e-1
300  0 120 H   3.27e+6 92.60 4.79 5.90  29.60 24.50  0.00 6.37e+0 1.18e-06 1.37e-2 6.46e-2 4.55e-2 9.41e-1 8.29e-3 8.11e+1 9.55e+1
300  0 120 He  3.68e+5 20.70 5.23 5.80  18.70  0.00  0.08 3.51e+1 5.53e-05 3.25e-2 2.40e-2 0.00e+0 4.75e-1 1.34e-5 3.22e-5 1.48e-4
300  0 120 C   1.00e+2  0.00 5.36 5.91  18.60  0.00 14.60 5.53e+1 1.39e-04 4.08e-2 2.37e-2 0.00e+0 4.61e-1 1.18e-5 2.79e-5 1.20e-4
300  0 120 Ne  9.79e-2  0.31 5.37 5.92  18.60  0.00 14.60 5.73e+1 1.49e-04 4.16e-2 2.37e-2 0.00e+0 4.61e-1 1.18e-5 2.79e-5 1.20e-4
300  0 120 O   7.35e-2  1.59 5.37 5.92  18.60  0.00 14.60 5.75e+1 1.50e-04 4.16e-2 2.37e-2 0.00e+0 4.61e-1 1.18e-5 2.79e-5 1.20e-4
300  0 120 Si  4.98e-4  1.12 5.37 5.93  18.60  0.00 14.60 5.83e+1 1.54e-04 4.19e-2 2.37e-2 0.00e+0 4.61e-1 1.18e-5 2.79e-5 1.20e-4
300  0 120 PSN 4.51e-4  0.00 5.38 5.93  18.60  0.00 14.60 5.93e+1 1.60e-04 4.23e-2 2.37e-2 0.00e+0 4.61e-1 1.18e-5 2.79e-5 1.20e-4
  0 -1  13 MS  9.26e+4  0.00 4.51 4.11  13.00  0.00  0.00 0.00e+0 0.00e+00 0.00e+0 0.00e+0 7.47e-1 2.50e-1 6.95e-5 1.59e-1 3.40e-2
  0 -1  13 H   1.61e+7  5.62 4.45 4.57  13.00  3.11  0.00 0.00e+0 0.00e+00 0.00e+0 0.00e+0 7.47e-1 2.50e-1 6.95e-5 1.59e-1 3.40e-2
  0 -1  13 He  1.06e+6  1.84 3.61 4.78  12.50  4.29  1.87 0.00e+0 0.00e+00 0.00e+0 0.00e+0 7.44e-1 2.53e-1 3.41e-4 1.25e+0 1.76e-1
  0 -1  13 C   7.05e+3  0.58 3.60 4.85  12.50  4.26  2.07 0.00e+0 0.00e+00 0.00e+0 0.00e+0 7.33e-1 2.64e-1 4.84e-4 1.92e+0 2.68e-1
  0 -1  13 Ne  4.65e+0  0.87 3.60 4.85  12.50  4.26  2.13 0.00e+0 0.00e+00 0.00e+0 0.00e+0 7.33e-1 2.64e-1 4.85e-4 1.93e+0 2.69e-1
  0 -1  13 O   3.22e+0  0.95 3.60 4.85  12.50  4.26  2.13 0.00e+0 0.00e+00 0.00e+0 0.00e+0 7.33e-1 2.64e-1 4.85e-4 1.93e+0 2.69e-1
  0 -1  13 Si  2.94e-1  1.12 3.60 4.85  12.50  4.26  2.13 0.00e+0 0.00e+00 0.00e+0 0.00e+0 7.33e-1 2.64e-1 4.85e-4 1.93e+0 2.69e-1
  0 -1  13 PSN 1.70e-3  0.00 3.60 4.85  12.50  4.26  2.13 0.00e+0 0.00e+00 0.00e+0 0.00e+0 7.33e-1 2.64e-1 4.85e-4 1.93e+0 2.69e-1
  0 -1  15 MS  7.59e+4  0.00 4.54 4.29  15.00  0.00  0.00 0.00e+0 0.00e+00 0.00e+0 0.00e+0 7.47e-1 2.50e-1 6.95e-5 1.59e-1 3.40e-2
  0 -1  15 H   1.32e+7  6.79 4.47 4.74  14.90  3.89  0.00 0.00e+0 0.00e+00 0.00e+0 0.00e+0 7.47e-1 2.50e-1 6.95e-5 1.59e-1 3.40e-2
  0 -1  15 He  1.02e+6  3.08 3.60 4.94  14.20  5.23  3.07 0.00e+0 0.00e+00 0.00e+0 0.00e+0 7.43e-1 2.54e-1 3.64e-4 1.34e+0 1.90e-1
  0 -1  15 C   1.95e+3  0.46 3.59 5.05  14.20  5.22  3.24 0.00e+0 0.00e+00 0.00e+0 0.00e+0 7.24e-1 2.73e-1 5.61e-4 2.30e+0 3.25e-1
  0 -1  15 Ne  9.45e-1  0.64 3.59 5.05  14.20  5.22  3.21 0.00e+0 0.00e+00 0.00e+0 0.00e+0 7.24e-1 2.73e-1 5.61e-4 2.30e+0 3.25e-1
  0 -1  15 O   2.00e+0  1.01 3.59 5.05  14.20  5.22  3.21 0.00e+0 0.00e+00 0.00e+0 0.00e+0 7.24e-1 2.73e-1 5.61e-4 2.30e+0 3.25e-1
  0 -1  15 Si  9.78e-2  1.06 3.59 5.05  14.20  5.22  3.21 0.00e+0 0.00e+00 0.00e+0 0.00e+0 7.24e-1 2.73e-1 5.61e-4 2.30e+0 3.25e-1
  0 -1  15 PSN 1.51e-3  0.00 3.59 5.05  14.20  5.22  3.01 0.00e+0 0.00e+00 0.00e+0 0.00e+0 7.24e-1 2.73e-1 5.61e-4 2.30e+0 3.25e-1
  0 -1  20 MS  5.07e+4  0.00 4.59 4.62  20.00  0.00  0.00 0.00e+0 0.00e+00 0.00e+0 0.00e+0 7.47e-1 2.50e-1 6.95e-5 1.59e-1 3.40e-2
  0 -1  20 H   9.26e+6 10.10 4.50 5.06  19.80  5.81  0.00 0.00e+0 0.00e+00 0.00e+0 0.00e+0 7.47e-1 2.50e-1 6.95e-5 1.59e-1 3.40e-2
  0 -1  20 He  5.96e+5  3.95 3.60 5.22  18.50  7.54  3.99 0.00e+0 0.00e+00 0.00e+0 0.00e+0 7.38e-1 2.59e-1 4.22e-4 1.56e+0 2.28e-1
  0 -1  20 C   1.47e+3  0.56 3.59 5.26  18.40  7.52  4.23 0.00e+0 0.00e+00 0.00e+0 0.00e+0 7.22e-1 2.75e-1 5.85e-4 2.36e+0 3.45e-1
  0 -1  20 Ne  3.88e-1  0.74 3.59 5.26  18.40  7.52  4.23 0.00e+0 0.00e+00 0.00e+0 0.00e+0 7.21e-1 2.75e-1 5.86e-4 2.36e+0 3.46e-1
  0 -1  20 O   6.63e-1  1.02 3.59 5.26  18.40  7.52  4.21 0.00e+0 0.00e+00 0.00e+0 0.00e+0 7.21e-1 2.75e-1 5.86e-4 2.36e+0 3.46e-1
  0 -1  20 Si  5.88e-2  1.07 3.59 5.26  18.40  7.52  4.21 0.00e+0 0.00e+00 0.00e+0 0.00e+0 7.21e-1 2.75e-1 5.86e-4 2.36e+0 3.46e-1
  0 -1  20 PSN 1.05e-3  0.00 3.59 5.26  18.40  7.52  4.21 0.00e+0 0.00e+00 0.00e+0 0.00e+0 7.21e-1 2.75e-1 5.86e-4 2.36e+0 3.46e-1
  0 -1  25 MS  4.02e+4  0.00 4.62 4.87  25.00  0.00  0.00 0.00e+0 0.00e+00 0.00e+0 0.00e+0 7.47e-1 2.50e-1 6.95e-5 1.59e-1 3.40e-2
  0 -1  25 H   7.36e+6 13.70 4.52 5.28  24.60  8.01  0.00 0.00e+0 0.00e+00 0.00e+0 0.00e+0 7.47e-1 2.50e-1 6.95e-5 1.59e-1 3.40e-2
  0 -1  25 He  5.40e+5  6.64 3.59 5.43  20.80 10.20  6.72 0.00e+0 0.00e+00 0.00e+0 0.00e+0 7.29e-1 2.67e-1 5.29e-4 2.01e+0 3.04e-1
  0 -1  25 C   4.54e+2  0.00 3.58 5.48  20.60 10.20  6.87 0.00e+0 0.00e+00 0.00e+0 0.00e+0 6.95e-1 3.02e-1 7.69e-4 3.35e+0 5.10e-1
  0 -1  25 Ne  1.58e-1  0.65 3.58 5.48  20.60 10.20  6.84 0.00e+0 0.00e+00 0.00e+0 0.00e+0 6.95e-1 3.02e-1 7.69e-4 3.35e+0 5.10e-1
  0 -1  25 O   1.89e-1  1.21 3.58 5.48  20.60 10.20  6.84 0.00e+0 0.00e+00 0.00e+0 0.00e+0 6.95e-1 3.02e-1 7.69e-4 3.35e+0 5.10e-1
  0 -1  25 Si  1.19e-3  1.10 3.58 5.48  20.60 10.20  6.82 0.00e+0 0.00e+00 0.00e+0 0.00e+0 6.95e-1 3.02e-1 7.69e-4 3.35e+0 5.10e-1
  0 -1  25 PSN 4.72e-4  0.00 3.58 5.48  20.60 10.20  6.82 0.00e+0 0.00e+00 0.00e+0 0.00e+0 6.95e-1 3.02e-1 7.69e-4 3.35e+0 5.10e-1
  0 -1  30 MS  3.45e+4  0.00 4.64 5.06  30.00  0.00  0.00 0.00e+0 0.00e+00 0.00e+0 0.00e+0 7.47e-1 2.50e-1 6.95e-5 1.59e-1 3.40e-2
  0 -1  30 H   6.25e+6 17.50 4.53 5.44  29.20 10.30  0.00 0.00e+0 0.00e+00 0.00e+0 0.00e+0 7.47e-1 2.50e-1 6.95e-5 1.59e-1 3.40e-2
  0 -1  30 He  4.16e+5  6.98 4.10 5.52  28.50 11.90  7.05 0.00e+0 0.00e+00 0.00e+0 0.00e+0 7.47e-1 2.50e-1 6.95e-5 1.59e-1 3.40e-2
  0 -1  30 C   4.82e+2  0.00 3.75 5.48  28.30 11.90  7.22 0.00e+0 0.00e+00 0.00e+0 0.00e+0 7.47e-1 2.50e-1 6.95e-5 1.59e-1 3.40e-2
  0 -1  30 Ne  1.69e-1  0.66 3.75 5.48  28.30 11.90  7.22 0.00e+0 0.00e+00 0.00e+0 0.00e+0 7.47e-1 2.50e-1 6.95e-5 1.59e-1 3.40e-2
  0 -1  30 O   1.87e-1  1.20 3.75 5.48  28.30 11.90  7.22 0.00e+0 0.00e+00 0.00e+0 0.00e+0 7.47e-1 2.50e-1 6.95e-5 1.59e-1 3.40e-2
  0 -1  30 Si  8.99e-4  1.07 3.75 5.48  28.30 11.90  7.22 0.00e+0 0.00e+00 0.00e+0 0.00e+0 7.47e-1 2.50e-1 6.95e-5 1.59e-1 3.40e-2
  0 -1  30 PSN 5.27e-4  0.00 3.75 5.48  28.30 11.90  7.22 0.00e+0 0.00e+00 0.00e+0 0.00e+0 7.47e-1 2.50e-1 6.95e-5 1.59e-1 3.40e-2
  0 -1  40 MS  2.84e+4  0.00 4.68 5.33  40.00  0.00  0.00 0.00e+0 0.00e+00 0.00e+0 0.00e+0 7.47e-1 2.50e-1 6.95e-5 1.59e-1 3.40e-2
  0 -1  40 H   5.01e+6 25.30 4.54 5.68  38.30 15.30  0.00 0.00e+0 0.00e+00 0.00e+0 0.00e+0 7.47e-1 2.50e-1 6.95e-5 1.59e-1 3.40e-2
  0 -1  40 He  3.55e+5 10.70 3.91 5.75  36.30 16.70 10.70 0.00e+0 0.00e+00 0.00e+0 0.00e+0 7.47e-1 2.50e-1 6.95e-5 1.59e-1 3.40e-2
  0 -1  40 C   2.10e+2  0.00 3.65 5.63  28.70 16.70 11.00 0.00e+0 0.00e+00 0.00e+0 0.00e+0 5.59e-1 4.38e-1 1.59e-3 2.05e+1 2.03e+0
  0 -1  40 Ne  1.44e-1  0.51 3.65 5.63  28.70 16.70 10.90 0.00e+0 0.00e+00 0.00e+0 0.00e+0 5.59e-1 4.38e-1 1.59e-3 2.07e+1 2.04e+0
  0 -1  40 O   1.83e-1  1.25 3.65 5.63  28.70 16.70 10.90 0.00e+0 0.00e+00 0.00e+0 0.00e+0 5.59e-1 4.38e-1 1.59e-3 2.07e+1 2.04e+0
  0 -1  40 Si  9.83e-4  1.07 3.65 5.63  28.70 16.70 10.90 0.00e+0 0.00e+00 0.00e+0 0.00e+0 5.59e-1 4.38e-1 1.59e-3 2.07e+1 2.04e+0
  0 -1  40 PSN 5.18e-4  0.00 3.65 5.63  28.70 16.70 10.90 0.00e+0 0.00e+00 0.00e+0 0.00e+0 5.59e-1 4.38e-1 1.59e-3 2.07e+1 2.04e+0
  0 -1  60 MS  2.21e+4  0.00 4.72 5.69  60.00  0.00  0.00 0.00e+0 0.00e+00 0.00e+0 0.00e+0 7.47e-1 2.50e-1 6.95e-5 1.59e-1 3.40e-2
  0 -1  60 H   3.85e+6 41.70 4.50 5.97  57.00 25.60  0.00 0.00e+0 0.00e+00 0.00e+0 0.00e+0 7.47e-1 2.50e-1 6.95e-5 1.59e-1 3.40e-2
  0 -1  60 He  3.05e+5 19.50 4.25 6.02  45.70 26.90 19.60 0.00e+0 0.00e+00 0.00e+0 0.00e+0 4.85e-1 5.12e-1 1.85e-3 4.00e+1 3.49e+0
  0 -1  60 C   7.87e+1  0.00 3.65 5.89  42.00 26.80 19.70 0.00e+0 0.00e+00 0.00e+0 0.00e+0 4.68e-1 5.29e-1 2.14e-3 6.95e+1 9.58e+0
  0 -1  60 Ne  8.23e-2  0.00 3.65 5.89  42.00 26.80 19.60 0.00e+0 0.00e+00 0.00e+0 0.00e+0 4.68e-1 5.29e-1 2.14e-3 6.95e+1 9.58e+0
  0 -1  60 O   4.21e-2  1.71 3.65 5.89  42.00 26.80 19.60 0.00e+0 0.00e+00 0.00e+0 0.00e+0 4.68e-1 5.29e-1 2.14e-3 6.95e+1 9.58e+0
  0 -1  60 Si  3.55e-4  1.17 3.65 5.89  42.00 26.80 19.60 0.00e+0 0.00e+00 0.00e+0 0.00e+0 4.68e-1 5.29e-1 2.14e-3 6.95e+1 9.58e+0
  0 -1  60 PSN 3.32e-4  0.00 3.65 5.89  42.00 26.80 19.60 0.00e+0 0.00e+00 0.00e+0 0.00e+0 4.68e-1 5.29e-1 2.14e-3 6.95e+1 9.58e+0
  0 -1  80 MS  1.94e+4  0.00 4.75 5.91  80.00  0.00  0.00 0.00e+0 0.00e+00 0.00e+0 0.00e+0 7.47e-1 2.50e-1 6.95e-5 1.59e-1 3.40e-2
  0 -1  80 H   3.34e+6 58.90 4.49 6.17  75.50 36.10  0.00 0.00e+0 0.00e+00 0.00e+0 0.00e+0 7.47e-1 2.50e-1 6.95e-5 1.59e-1 3.40e-2
  0 -1  80 He  2.83e+5 30.90 3.87 6.23  40.90 39.20 31.00 0.00e+0 0.00e+00 0.00e+0 0.00e+0 2.54e-1 7.43e-1 2.33e-3 1.44e+2 8.28e+1
  0 -1  80 C   3.84e+1  0.00 4.02 6.29  39.90 39.20 31.00 0.00e+0 0.00e+00 0.00e+0 0.00e+0 1.15e-1 8.82e-1 2.32e-3 9.02e+1 9.08e+1
  0 -1  80 Ne  5.46e-2  0.00 3.96 6.30  39.90 39.20 31.00 0.00e+0 0.00e+00 0.00e+0 0.00e+0 1.15e-1 8.82e-1 2.32e-3 8.90e+1 9.08e+1
  0 -1  80 O   2.11e-2  1.83 3.89 6.30  39.90 39.20 30.90 0.00e+0 0.00e+00 0.00e+0 0.00e+0 1.14e-1 8.83e-1 2.32e-3 8.74e+1 9.09e+1
  0 -1  80 Si  2.08e-4  1.07 3.87 6.31  39.90 39.20 30.90 0.00e+0 0.00e+00 0.00e+0 0.00e+0 1.14e-1 8.83e-1 2.32e-3 8.73e+1 9.09e+1
  0 -1  80 PSN 1.90e-4  0.00 3.87 6.31  39.90 39.20 30.90 0.00e+0 0.00e+00 0.00e+0 0.00e+0 1.14e-1 8.83e-1 2.32e-3 8.73e+1 9.09e+1
  0 -1 120 MS  1.75e+4  0.00 4.77 6.21 120.00  0.00  0.00 0.00e+0 0.00e+00 0.00e+0 0.00e+0 7.47e-1 2.50e-1 6.95e-5 1.59e-1 3.40e-2
  0 -1 120 H   2.84e+6 93.00 4.24 6.41 109.00 58.90  0.00 0.00e+0 0.00e+00 0.00e+0 0.00e+0 7.47e-1 2.50e-1 6.95e-5 1.59e-1 3.40e-2
  0 -1 120 He  2.62e+5 51.20 5.25 6.39  50.70  0.00  1.08 0.00e+0 0.00e+00 0.00e+0 0.00e+0 0.00e+0 2.50e-1 2.78e-8 6.38e-8 8.99e-8
  0 -1 120 C   1.68e+1  0.00 5.27 6.48  50.70  0.00 40.80 0.00e+0 0.00e+00 0.00e+0 0.00e+0 0.00e+0 2.50e-1 2.78e-8 6.38e-8 8.99e-8
  0 -1 120 Ne  2.20e-2  0.00 5.14 6.50  50.70  0.00 42.00 0.00e+0 0.00e+00 0.00e+0 0.00e+0 0.00e+0 2.50e-1 2.78e-8 6.38e-8 8.99e-8
  0 -1 120 O   6.23e-3  0.71 5.15 6.50  50.70  0.00 42.00 0.00e+0 0.00e+00 0.00e+0 0.00e+0 0.00e+0 2.50e-1 2.78e-8 6.38e-8 8.99e-8
  0 -1 120 PSN 4.58e-4  0.00 5.11 6.50  50.70  0.00 42.20 0.00e+0 0.00e+00 0.00e+0 0.00e+0 0.00e+0 2.50e-1 2.78e-8 6.38e-8 8.99e-8
  0 -1 120 PSN 4.58e-4  0.00 5.11 6.50  50.70  0.00 42.20 0.00e+0 0.00e+00 0.00e+0 0.00e+0 0.00e+0 2.50e-1 2.78e-8 6.38e-8 8.99e-8
150 -1  13 MS  1.32e+5  0.00 4.50 4.11  13.00  0.00  0.00 1.48e+2 5.74e-05 3.26e-1 8.31e-2 7.47e-1 2.50e-1 6.95e-5 1.59e-1 3.40e-2
150 -1  13 H   1.89e+7  5.65 4.44 4.70  13.00  3.64  0.00 6.97e+1 9.98e-06 2.55e-1 7.95e-2 7.37e-1 2.60e-1 4.31e-4 1.45e+0 2.39e-1
150 -1  13 He  1.40e+6  3.03 3.57 5.16  11.70  5.19  4.21 1.86e-1 2.91e-10 6.94e-3 3.65e-2 6.43e-1 3.54e-1 1.20e-3 6.73e+0 8.74e-1
150 -1  13 C   1.35e+3  0.24 3.59 5.07  11.40  5.05  3.87 2.23e-1 4.16e-10 7.70e-3 3.30e-2 5.87e-1 4.06e-1 4.62e-3 2.35e+1 2.44e+0
150 -1  13 Ne  3.03e-1  0.65 3.59 5.07  11.40  5.05  3.87 2.23e-1 4.16e-10 7.71e-3 3.30e-2 5.87e-1 4.06e-1 4.62e-3 2.35e+1 2.44e+0
150 -1  13 O   7.58e-1  1.13 3.59 5.07  11.40  5.01  3.46 2.23e-1 4.16e-10 7.71e-3 3.30e-2 5.87e-1 4.06e-1 4.62e-3 2.35e+1 2.44e+0
150 -1  13 Si  9.24e-3  1.11 3.59 5.07  11.40  5.01  3.46 2.23e-1 4.16e-10 7.71e-3 3.30e-2 5.87e-1 4.06e-1 4.62e-3 2.35e+1 2.44e+0
150 -1  13 PSN 1.61e-3  0.00 3.59 5.07  11.40  5.01  3.36 2.23e-1 4.16e-10 7.71e-3 3.30e-2 5.87e-1 4.06e-1 4.62e-3 2.35e+1 2.44e+0
150 -1  15 MS  1.12e+5  0.00 4.53 4.28  15.00  0.00  0.00 1.50e+2 5.32e-05 3.21e-1 1.07e-1 7.47e-1 2.50e-1 6.95e-5 1.59e-1 3.40e-2
150 -1  15 H   1.55e+7  6.81 4.46 4.88  14.90  4.51  0.00 8.30e+1 1.08e-05 2.95e-1 9.95e-2 7.34e-1 2.63e-1 4.61e-4 1.56e+0 2.60e-1
150 -1  15 He  1.15e+6  3.76 3.57 5.28  13.00  6.19  5.08 1.29e-1 1.75e-10 4.88e-3 3.62e-2 6.19e-1 3.77e-1 1.37e-3 7.98e+0 1.05e+0
150 -1  15 C   9.00e+2  0.00 3.59 5.18  12.80  5.98  4.77 1.65e-1 2.69e-10 5.74e-3 3.38e-2 5.53e-1 4.36e-1 7.34e-3 2.91e+1 2.75e+0
150 -1  15 Ne  3.15e-1  0.57 3.59 5.18  12.80  5.95  4.76 1.65e-1 2.70e-10 5.74e-3 3.38e-2 5.53e-1 4.36e-1 7.34e-3 2.91e+1 2.75e+0
150 -1  15 O   9.44e-1  1.09 3.59 5.18  12.80  5.95  4.76 1.65e-1 2.70e-10 5.74e-3 3.38e-2 5.53e-1 4.36e-1 7.34e-3 2.91e+1 2.75e+0
150 -1  15 Si  1.21e-2  1.14 3.59 5.18  12.80  5.95  4.22 1.65e-1 2.70e-10 5.74e-3 3.38e-2 5.53e-1 4.36e-1 7.34e-3 2.91e+1 2.75e+0
150 -1  15 PSN 1.87e-3  0.00 3.59 5.18  12.80  5.95  4.22 1.65e-1 2.70e-10 5.74e-3 3.38e-2 5.53e-1 4.36e-1 7.34e-3 2.91e+1 2.75e+0
150 -1  20 MS  6.99e+4  0.00 4.58 4.62  20.00  0.00  0.00 1.48e+2 4.47e-05 2.98e-1 1.76e-1 7.47e-1 2.50e-1 6.95e-5 1.59e-1 3.40e-2
150 -1  20 H   1.08e+7 10.10 4.51 5.17  19.70  6.89  0.00 5.48e+1 6.24e-06 1.83e-1 1.49e-1 7.21e-1 2.76e-1 5.60e-4 1.98e+0 3.35e-1
150 -1  20 He  8.21e+5  5.73 3.57 5.56  14.10  8.55  7.11 4.11e-2 4.04e-11 1.77e-3 3.01e-2 5.24e-1 4.70e-1 3.83e-3 2.48e+1 2.79e+0
150 -1  20 C   4.70e+2  0.00 3.58 5.42  13.90  8.46  6.75 6.79e-2 8.37e-11 2.62e-3 2.88e-2 4.45e-1 5.30e-1 1.77e-2 3.76e+1 2.89e+0
150 -1  20 Ne  2.50e-1  0.51 3.58 5.42  13.90  8.47  6.74 6.79e-2 8.37e-11 2.62e-3 2.88e-2 4.45e-1 5.30e-1 1.77e-2 3.76e+1 2.89e+0
150 -1  20 O   5.85e-1  1.18 3.58 5.42  13.90  8.47  6.74 6.79e-2 8.37e-11 2.62e-3 2.88e-2 4.45e-1 5.30e-1 1.77e-2 3.76e+1 2.89e+0
150 -1  20 Si  1.49e-3  1.14 3.58 5.42  13.90  8.47  6.74 6.79e-2 8.37e-11 2.62e-3 2.88e-2 4.45e-1 5.30e-1 1.77e-2 3.76e+1 2.89e+0
150 -1  20 PSN 1.28e-3  0.00 3.58 5.42  13.90  8.47  6.05 6.79e-2 8.37e-11 2.62e-3 2.88e-2 4.45e-1 5.30e-1 1.77e-2 3.76e+1 2.89e+0
150 -1  25 MS  6.29e+4  0.00 4.61 4.87  25.00  0.00  0.00 1.49e+2 3.93e-05 2.86e-1 2.56e-1 7.47e-1 2.50e-1 6.95e-5 1.59e-1 3.40e-2
150 -1  25 H   8.33e+6 13.70 4.54 5.36  24.30  9.16  0.00 4.87e+1 5.32e-06 1.50e-1 2.01e-1 7.06e-1 2.91e-1 7.15e-4 2.72e+0 4.69e-1
150 -1  25 He  6.84e+5  7.27 3.57 5.65  16.60 10.40  8.69 4.21e-2 3.81e-11 1.73e-3 3.70e-2 4.63e-1 5.26e-1 8.25e-3 4.93e+1 3.43e+0
150 -1  25 C   3.62e+2  0.00 3.58 5.57  16.20 10.50  8.24 5.10e-2 5.26e-11 1.98e-3 3.49e-2 4.63e-1 5.26e-1 8.25e-3 4.93e+1 3.43e+0
150 -1  25 Ne  1.64e-1  0.49 3.58 5.56  16.20 10.60  8.24 5.10e-2 5.27e-11 1.99e-3 3.49e-2 4.63e-1 5.26e-1 8.25e-3 4.93e+1 3.43e+0
150 -1  25 O   2.65e-1  1.24 3.58 5.56  16.20 10.60  8.24 5.10e-2 5.27e-11 1.99e-3 3.49e-2 4.63e-1 5.26e-1 8.25e-3 4.93e+1 3.43e+0
150 -1  25 Si  1.32e-3  1.08 3.58 5.56  16.20 10.60  8.24 5.10e-2 5.27e-11 1.99e-3 3.49e-2 4.63e-1 5.26e-1 8.25e-3 4.93e+1 3.43e+0
150 -1  25 PSN 9.39e-4  0.00 3.58 5.56  16.20 10.60  8.24 5.10e-2 5.27e-11 1.99e-3 3.49e-2 4.63e-1 5.26e-1 8.25e-3 4.93e+1 3.43e+0
150 -1  30 MS  4.66e+4  0.00 4.64 5.05  30.00  0.00  0.00 1.48e+2 3.56e-05 2.74e-1 3.48e-1 7.47e-1 2.50e-1 6.95e-5 1.59e-1 3.40e-2
150 -1  30 H   6.92e+6 17.60 4.57 5.50  28.90 11.40  0.00 6.04e+1 6.32e-06 1.74e-1 2.56e-1 6.91e-1 3.06e-1 8.40e-4 3.46e+0 5.97e-1
150 -1  30 He  6.05e+5  8.86 4.14 5.60  27.00 12.80 10.90 3.56e+0 4.55e-08 3.05e-2 1.83e-1 5.63e-1 4.34e-1 1.46e-3 1.14e+1 1.70e+0
150 -1  30 C   2.21e+2  0.00 3.60 5.64  25.90 12.80 10.20 2.21e-1 2.25e-10 6.87e-3 1.45e-1 5.02e-1 4.95e-1 1.93e-3 3.44e+1 4.57e+0
150 -1  30 Ne  1.22e-1  0.38 3.60 5.64  25.90 12.80 10.10 2.21e-1 2.25e-10 6.87e-3 1.45e-1 5.02e-1 4.95e-1 1.93e-3 3.44e+1 4.57e+0
150 -1  30 O   1.27e-1  1.49 3.60 5.64  25.90 12.80  9.59 2.21e-1 2.25e-10 6.87e-3 1.45e-1 5.02e-1 4.95e-1 1.93e-3 3.44e+1 4.57e+0
150 -1  30 Si  6.60e-4  1.20 3.60 5.64  25.90 12.80  9.59 2.21e-1 2.25e-10 6.87e-3 1.45e-1 5.02e-1 4.95e-1 1.93e-3 3.44e+1 4.57e+0
150 -1  30 PSN 6.44e-4  0.00 3.60 5.64  25.90 12.80  8.84 2.21e-1 2.25e-10 6.87e-3 1.45e-1 5.02e-1 4.95e-1 1.93e-3 3.44e+1 4.57e+0
150 -1  40 MS  3.95e+4  0.00 4.67 5.33  40.00  0.00  0.00 1.50e+2 3.09e-05 2.60e-1 5.53e-1 7.47e-1 2.50e-1 6.95e-5 1.59e-1 3.40e-2
150 -1  40 H   5.64e+6 25.40 4.60 5.76  37.40 20.90  0.00 5.07e+1 4.50e-06 1.40e-1 3.57e-1 6.06e-1 3.91e-1 1.28e-3 7.40e+0 1.28e+0
150 -1  40 He  4.15e+5 16.70 5.17 5.90  21.40 21.00  3.12 3.41e-1 3.66e-07 3.60e-4 5.09e-2 6.62e-2 9.21e-1 1.04e-2 1.00e+2 8.03e+0
150 -1  40 C   6.61e+1  0.00 5.30 6.00  21.30 21.10 16.50 3.22e-1 5.55e-07 2.67e-4 5.08e-2 1.56e-5 9.79e-1 1.86e-2 5.24e+1 1.22e+1
150 -1  40 Ne  8.12e-2  0.00 5.30 6.01  21.30 21.10 16.50 3.23e-1 5.59e-07 2.68e-4 5.08e-2 1.46e-5 9.79e-1 1.86e-2 5.23e+1 1.22e+1
150 -1  40 O   4.28e-2  1.72 5.30 6.01  21.30 21.10 16.50 3.23e-1 5.61e-07 2.68e-4 5.08e-2 1.44e-5 9.79e-1 1.86e-2 5.23e+1 1.22e+1
150 -1  40 Si  3.87e-4  1.20 5.30 6.01  21.30 21.10 16.60 3.23e-1 5.59e-07 2.68e-4 5.08e-2 1.44e-5 9.79e-1 1.86e-2 5.23e+1 1.22e+1
150 -1  40 PSN 3.80e-4  0.00 5.31 6.01  21.30 21.10 16.50 3.25e-1 5.68e-07 2.69e-4 5.08e-2 1.44e-5 9.79e-1 1.86e-2 5.23e+1 1.22e+1
150 -1  60 MS  2.86e+4  0.00 4.71 5.68  60.00  0.00  0.00 1.51e+2 2.51e-05 2.38e-1 1.06e+0 7.47e-1 2.50e-1 6.95e-5 1.59e-1 3.40e-2
150 -1  60 H   4.21e+6 41.80 4.54 6.04  55.20 28.50  0.00 3.66e+1 1.83e-06 1.11e-1 6.29e-1 6.08e-1 3.89e-1 1.32e-3 7.85e+0 1.39e+0
150 -1  60 He  3.42e+5 26.40 5.24 6.02  26.50  0.00  8.85 5.70e+1 7.42e-05 4.89e-2 6.41e-2 0.00e+0 4.67e-1 5.91e-5 1.47e-4 4.70e-4
150 -1  60 C   3.72e+1  0.00 5.38 6.13  26.40  0.00 21.10 9.39e+1 2.02e-04 6.28e-2 6.37e-2 0.00e+0 4.57e-1 5.62e-5 1.39e-4 4.22e-4
150 -1  60 Ne  6.67e-2  0.00 5.39 6.13  26.40  0.00 21.10 9.60e+1 2.11e-04 6.35e-2 6.37e-2 0.00e+0 4.57e-1 5.62e-5 1.39e-4 4.22e-4
150 -1  60 O   2.80e-2  1.80 5.38 6.13  26.40  0.00 21.10 9.48e+1 2.06e-04 6.31e-2 6.37e-2 0.00e+0 4.57e-1 5.62e-5 1.39e-4 4.22e-4
150 -1  60 Si  2.73e-4  1.15 5.38 6.13  26.40  0.00 21.10 9.42e+1 2.03e-04 6.29e-2 6.37e-2 0.00e+0 4.57e-1 5.62e-5 1.39e-4 4.22e-4
150 -1  60 PSN 1.11e-3  0.00 5.35 6.11  26.40  0.00 21.10 8.42e+1 1.62e-04 5.95e-2 6.37e-2 0.00e+0 4.57e-1 5.62e-5 1.39e-4 4.22e-4
150 -1  80 MS  2.39e+4  0.00 4.74 5.92  80.00  0.00  0.00 1.50e+2 2.17e-05 2.20e-1 1.67e+0 7.47e-1 2.50e-1 6.95e-5 1.59e-1 3.40e-2
150 -1  80 H   3.61e+6 59.10 4.25 6.22  72.40 41.40  0.00 8.58e+0 8.91e-08 4.99e-2 8.77e-1 6.29e-1 3.68e-1 1.30e-3 7.20e+0 1.34e+0
150 -1  80 He  3.09e+5 38.60 5.25 6.22  37.70  0.00 30.30 6.30e+1 6.60e-05 5.05e-2 1.21e-1 0.00e+0 4.16e-1 1.20e-5 2.83e-5 7.72e-5
150 -1  80 C   2.86e+1  0.00 5.34 6.32  37.60  0.00 30.00 8.47e+1 1.20e-04 5.85e-2 1.20e-1 0.00e+0 4.06e-1 1.12e-5 2.62e-5 6.84e-5
150 -1  80 Ne  4.39e-2  0.00 5.33 6.33  37.60  0.00 30.60 8.01e+1 1.07e-04 5.69e-2 1.20e-1 0.00e+0 4.06e-1 1.12e-5 2.62e-5 6.84e-5
150 -1  80 O   1.63e-2  1.76 5.32 6.34  37.60  0.00 30.60 7.69e+1 9.86e-05 5.58e-2 1.20e-1 0.00e+0 4.06e-1 1.12e-5 2.62e-5 6.84e-5
150 -1  80 Si  2.09e-4  1.07 5.33 6.34  37.60  0.00 30.60 7.90e+1 1.04e-04 5.65e-2 1.20e-1 0.00e+0 4.06e-1 1.12e-5 2.62e-5 6.84e-5
150 -1  80 PSN 1.72e-4  0.00 5.32 6.34  37.60  0.00 30.60 7.83e+1 1.02e-04 5.63e-2 1.20e-1 0.00e+0 4.06e-1 1.12e-5 2.62e-5 6.84e-5
150 -1 120 MS  2.14e+4  0.00 4.77 6.21 120.00  0.00  0.00 1.49e+2 1.74e-05 1.99e-1 3.12e+0 7.47e-1 2.50e-1 6.95e-5 1.59e-1 3.40e-2
150 -1 120 H   3.05e+6 93.50 4.98 6.37  62.30 55.90  0.00 7.89e+0 2.01e-06 9.98e-3 9.76e-2 4.31e-2 9.54e-1 2.31e-3 7.04e+1 1.16e+2
150 -1 120 He  2.81e+5 47.10 5.25 6.29  42.80  0.00  0.72 1.63e+1 1.56e-05 1.28e-2 3.97e-2 0.00e+0 4.78e-1 5.62e-8 1.36e-7 5.32e-7
150 -1 120 C   2.35e+1  0.00 5.32 6.39  42.70  0.00 34.30 2.03e+1 2.44e-05 1.43e-2 3.94e-2 0.00e+0 4.72e-1 4.85e-8 1.17e-7 4.45e-7
150 -1 120 Ne  3.53e-2  0.00 5.29 6.40  42.70  0.00 35.10 1.78e+1 1.87e-05 1.34e-2 3.94e-2 0.00e+0 4.72e-1 4.85e-8 1.17e-7 4.45e-7
150 -1 120 O   1.11e-2  1.63 5.28 6.40  42.70  0.00 35.20 1.71e+1 1.72e-05 1.32e-2 3.94e-2 0.00e+0 4.72e-1 4.85e-8 1.17e-7 4.45e-7
150 -1 120 Si  1.73e-4  0.98 5.28 6.40  42.70  0.00 35.10 3.89e+2 3.92e-04 2.93e-1 3.94e-2 0.00e+0 4.72e-1 4.85e-8 1.17e-7 4.45e-7
150 -1 120 PSN 1.04e-5  0.00 5.28 6.40  42.70  0.00 35.10 3.90e+2 3.94e-04 2.93e-1 3.94e-2 0.00e+0 4.72e-1 4.85e-8 1.17e-7 4.45e-7
300 -1  13 MS  1.27e+5  0.00 4.48 4.07  13.00  0.00  0.00 2.95e+2 1.05e-04 6.23e-1 1.55e-1 7.47e-1 2.50e-1 6.95e-5 1.59e-1 3.40e-2
300 -1  13 H   2.00e+7  5.54 4.43 4.71  12.90  3.49  0.00 1.57e+2 2.12e-05 5.53e-1 1.45e-1 7.15e-1 2.82e-1 7.30e-4 3.73e+0 4.59e-1
300 -1  13 He  1.82e+6  3.48 3.56 5.23  10.80  5.75  3.90 1.63e-1 2.27e-10 6.69e-3 3.66e-2 6.06e-1 3.90e-1 1.37e-3 1.11e+1 1.07e+0
300 -1  13 C   4.48e+2  0.00 3.57 5.18  10.70  5.81  4.36 1.87e-1 2.83e-10 7.42e-3 3.60e-2 6.06e-1 3.90e-1 1.37e-3 1.11e+1 1.07e+0
300 -1  13 Ne  2.00e-1  0.03 3.57 5.18  10.70  5.75  4.36 1.88e-1 2.84e-10 7.43e-3 3.60e-2 6.06e-1 3.90e-1 1.37e-3 1.11e+1 1.07e+0
300 -1  13 O   4.90e-1  1.21 3.57 5.18  10.70  5.77  3.90 1.88e-1 2.84e-10 7.43e-3 3.60e-2 6.06e-1 3.90e-1 1.37e-3 1.11e+1 1.07e+0
300 -1  13 Si  1.54e-3  1.17 3.57 5.18  10.70  5.78  3.90 1.88e-1 2.84e-10 7.43e-3 3.60e-2 6.06e-1 3.90e-1 1.37e-3 1.11e+1 1.07e+0
300 -1  13 PSN 1.74e-3  0.00 3.57 5.18  10.70  5.78  3.90 1.88e-1 2.84e-10 7.43e-3 3.60e-2 6.06e-1 3.90e-1 1.37e-3 1.11e+1 1.07e+0
300 -1  15 MS  1.19e+5  0.00 4.51 4.27  15.00  0.00  0.00 2.93e+2 9.64e-05 6.04e-1 1.99e-1 7.47e-1 2.50e-1 6.95e-5 1.59e-1 3.40e-2
300 -1  15 H   1.63e+7  6.71 4.45 4.88  14.90  4.42  0.00 1.64e+2 2.04e-05 5.61e-1 1.81e-1 7.08e-1 2.89e-1 8.00e-4 4.18e+0 5.27e-1
300 -1  15 He  1.46e+6  4.21 3.59 5.16  11.40  6.59  5.42 2.17e-1 3.70e-10 7.87e-3 3.42e-2 5.64e-1 4.32e-1 1.94e-3 1.73e+1 1.71e+0
300 -1  15 C   4.22e+2  0.00 3.57 5.26  11.20  6.43  4.90 1.34e-1 1.87e-10 5.41e-3 3.22e-2 5.52e-1 4.40e-1 4.40e-3 1.13e+1 1.64e+0
300 -1  15 Ne  2.14e-1  0.35 3.57 5.26  11.20  6.47  4.89 1.35e-1 1.88e-10 5.42e-3 3.22e-2 5.52e-1 4.40e-1 4.40e-3 1.13e+1 1.64e+0
300 -1  15 O   3.81e-1  1.26 3.57 5.26  11.20  6.50  4.89 1.35e-1 1.88e-10 5.42e-3 3.22e-2 5.52e-1 4.40e-1 4.40e-3 1.13e+1 1.64e+0
300 -1  15 Si  1.10e-3  1.10 3.57 5.26  11.20  6.51  4.49 1.35e-1 1.88e-10 5.42e-3 3.22e-2 5.52e-1 4.40e-1 4.40e-3 1.13e+1 1.64e+0
300 -1  15 PSN 1.60e-3  0.00 3.57 5.26  11.20  6.50  4.89 1.35e-1 1.88e-10 5.42e-3 3.21e-2 5.52e-1 4.40e-1 4.40e-3 1.13e+1 1.64e+0
300 -1  20 MS  7.52e+4  0.00 4.56 4.60  20.00  0.00  0.00 2.97e+2 8.38e-05 5.79e-1 3.42e-1 7.47e-1 2.50e-1 6.95e-5 1.59e-1 3.40e-2
300 -1  20 H   1.13e+7  9.97 4.53 5.16  19.60  6.56  0.00 1.76e+2 2.22e-05 5.27e-1 2.77e-1 6.64e-1 3.33e-1 1.01e-3 6.29e+0 7.71e-1
300 -1  20 He  9.77e+5  5.34 3.60 5.33  17.20  8.25  6.79 4.12e-1 6.10e-10 1.30e-2 1.04e-1 5.13e-1 4.83e-1 1.95e-3 5.49e+1 3.43e+0
300 -1  20 C   5.59e+2  0.00 3.59 5.41  17.10  8.18  6.16 3.00e-1 3.83e-10 1.02e-2 1.01e-1 5.13e-1 4.83e-1 1.95e-3 5.49e+1 3.43e+0
300 -1  20 Ne  2.39e-1  0.53 3.59 5.41  17.10  8.21  6.16 3.00e-1 3.85e-10 1.02e-2 1.01e-1 5.13e-1 4.83e-1 1.95e-3 5.49e+1 3.43e+0
300 -1  20 O   5.41e-1  1.23 3.59 5.41  17.10  8.22  6.16 3.01e-1 3.85e-10 1.02e-2 1.01e-1 5.13e-1 4.83e-1 1.95e-3 5.49e+1 3.43e+0
300 -1  20 Si  1.19e-3  1.09 3.59 5.41  17.10  8.14  6.16 3.01e-1 3.85e-10 1.02e-2 1.01e-1 5.13e-1 4.83e-1 1.95e-3 5.49e+1 3.43e+0
300 -1  20 PSN 1.68e-3  0.00 3.59 5.41  17.10  8.12  6.16 3.01e-1 3.85e-10 1.02e-2 1.01e-1 5.13e-1 4.83e-1 1.95e-3 5.49e+1 3.43e+0
300 -1  25 MS  5.97e+4  0.00 4.60 4.85  25.00  0.00  0.00 2.92e+2 7.28e-05 5.47e-1 4.75e-1 7.47e-1 2.50e-1 6.95e-5 1.59e-1 3.40e-2
300 -1  25 H   8.98e+6 13.60 4.56 5.40  24.20  9.66  0.00 1.18e+2 1.32e-05 3.52e-1 3.37e-1 6.21e-1 3.76e-1 1.22e-3 8.83e+0 1.10e+0
300 -1  25 He  5.88e+5  8.55 3.59 5.53  18.90 12.20 10.20 1.22e-1 1.35e-10 4.24e-3 6.13e-2 5.78e-1 4.18e-1 2.19e-3 4.22e+1 2.10e+0
300 -1  25 C   2.22e+2  0.00 3.57 5.66  18.50 12.20  9.73 6.68e-2 5.89e-11 2.63e-3 5.74e-2 5.77e-1 4.18e-1 2.23e-3 4.12e+1 2.12e+0
300 -1  25 Ne  1.50e-1  0.47 3.57 5.66  18.50 12.20  9.73 6.68e-2 5.90e-11 2.64e-3 5.74e-2 5.77e-1 4.18e-1 2.23e-3 4.12e+1 2.12e+0
300 -1  25 O   1.84e-1  1.32 3.57 5.66  18.50 12.20  9.73 6.68e-2 5.90e-11 2.64e-3 5.74e-2 5.77e-1 4.18e-1 2.23e-3 4.12e+1 2.12e+0
300 -1  25 Si  9.37e-4  1.17 3.57 5.66  18.50 12.20  9.73 6.68e-2 5.90e-11 2.64e-3 5.74e-2 5.77e-1 4.18e-1 2.23e-3 4.12e+1 2.12e+0
300 -1  25 PSN 7.60e-4  0.00 3.57 5.66  18.50 12.20  9.73 6.69e-2 5.90e-11 2.64e-3 5.74e-2 5.77e-1 4.18e-1 2.23e-3 4.12e+1 2.12e+0
300 -1  30 MS  5.44e+4  0.00 4.62 5.04  30.00  0.00  0.00 2.95e+2 6.69e-05 5.32e-1 6.78e-1 7.47e-1 2.50e-1 6.95e-5 1.59e-1 3.40e-2
300 -1  30 H   7.65e+6 17.40 4.58 5.56  28.50 12.70  0.00 1.88e+2 1.87e-05 5.25e-1 4.00e-1 5.81e-1 4.16e-1 1.36e-3 1.14e+1 1.40e+0
300 -1  30 He  5.00e+5 11.70 5.19 5.75  16.00 15.80 13.30 9.86e-1 1.34e-06 1.07e-3 4.44e-2 3.62e-2 8.22e-1 1.14e-1 9.61e+1 4.70e+0
300 -1  30 C   1.33e+2  0.00 5.28 5.80  16.00  0.00 12.30 4.84e+1 9.46e-05 4.37e-2 4.41e-2 0.00e+0 8.05e-1 1.39e-1 1.26e+1 3.38e+0
300 -1  30 Ne  1.15e-1  0.38 5.29 5.80  16.00  0.00 12.30 5.02e+1 1.02e-04 4.45e-2 4.41e-2 0.00e+0 8.05e-1 1.39e-1 1.26e+1 3.38e+0
300 -1  30 O   1.03e-1  1.57 5.29 5.80  16.00  0.00 12.30 5.13e+1 1.06e-04 4.50e-2 4.40e-2 0.00e+0 8.05e-1 1.39e-1 1.26e+1 3.38e+0
300 -1  30 Si  6.21e-4  1.21 5.29 5.80  16.00  0.00 12.30 5.11e+1 1.05e-04 4.49e-2 4.40e-2 0.00e+0 8.05e-1 1.39e-1 1.26e+1 3.38e+0
300 -1  30 PSN 6.05e-4  0.00 5.29 5.80  16.00  0.00 12.30 2.92e+2 6.10e-04 2.51e-1 4.40e-2 0.00e+0 8.05e-1 1.39e-1 1.25e+1 3.37e+0
300 -1  40 MS  4.18e+4  0.00 4.66 5.32  40.00  0.00  0.00 2.93e+2 5.74e-05 4.97e-1 1.06e+0 7.47e-1 2.50e-1 6.95e-5 1.59e-1 3.40e-2
300 -1  40 H   5.87e+6 25.20 4.58 5.77  37.10 18.00  0.00 1.16e+2 9.54e-06 3.25e-1 5.29e-1 5.76e-1 4.21e-1 1.46e-3 1.17e+1 1.70e+0
300 -1  40 He  4.15e+5 17.30 5.24 5.87  20.70  0.00 17.60 3.45e+0 5.18e-06 3.12e-3 6.17e-2 0.00e+0 4.66e-1 1.68e-2 5.91e-2 7.42e-2
300 -1  40 C   5.47e+1  0.00 5.38 5.98  20.70  0.00 16.20 1.31e+2 3.29e-04 9.20e-2 6.13e-2 0.00e+0 4.42e-1 1.53e-2 5.22e-2 6.28e-2
300 -1  40 Ne  8.33e-2  0.00 5.38 5.99  20.70  0.00 16.20 1.33e+2 3.39e-04 9.26e-2 6.13e-2 0.00e+0 4.42e-1 1.53e-2 5.22e-2 6.28e-2
300 -1  40 O   4.52e-2  1.74 5.37 5.98  20.70  0.00 16.20 1.30e+2 3.23e-04 9.15e-2 6.13e-2 0.00e+0 4.42e-1 1.53e-2 5.22e-2 6.28e-2
300 -1  40 Si  4.21e-4  1.23 5.37 5.98  20.70  0.00 16.20 1.29e+2 3.16e-04 9.10e-2 6.13e-2 0.00e+0 4.42e-1 1.53e-2 5.22e-2 6.28e-2
300 -1  40 PSN 4.21e-4  0.00 5.37 5.98  20.70  0.00 16.20 1.29e+2 3.15e-04 9.10e-2 6.13e-2 0.00e+0 4.42e-1 1.53e-2 5.22e-2 6.28e-2
300 -1  60 MS  2.86e+4  0.00 4.70 5.67  60.00  0.00  0.00 3.09e+2 4.90e-05 4.78e-1 2.09e+0 7.47e-1 2.50e-1 6.95e-5 1.59e-1 3.40e-2
300 -1  60 H   4.40e+6 41.40 4.51 6.05  54.20 29.30  0.00 9.77e+1 4.09e-06 3.20e-1 8.63e-1 5.81e-1 4.16e-1 1.52e-3 1.20e+1 1.96e+0
300 -1  60 He  3.46e+5 27.20 5.25 6.04  27.60  0.00 18.40 8.21e+1 1.05e-04 6.98e-2 9.35e-2 0.00e+0 3.98e-1 9.22e-5 2.17e-4 5.32e-4
300 -1  60 C   3.23e+1  0.00 5.38 6.15  27.50  0.00 21.90 1.37e+2 2.91e-04 9.02e-2 9.32e-2 0.00e+0 3.88e-1 8.80e-5 2.07e-4 4.84e-4
300 -1  60 Ne  6.39e-2  0.00 5.39 6.16  27.50  0.00 21.90 1.40e+2 3.02e-04 9.11e-2 9.32e-2 0.00e+0 3.88e-1 8.80e-5 2.07e-4 4.84e-4
300 -1  60 O   2.74e-2  1.78 5.38 6.15  27.50  0.00 21.40 1.35e+2 2.83e-04 8.96e-2 9.31e-2 0.00e+0 3.88e-1 8.80e-5 2.07e-4 4.84e-4
300 -1  60 Si  2.58e-4  1.16 5.37 6.14  27.50  0.00 21.40 1.33e+2 2.73e-04 8.88e-2 9.31e-2 0.00e+0 3.88e-1 8.80e-5 2.07e-4 4.84e-4
300 -1  60 PSN 4.28e-4  0.00 5.37 6.14  27.50  0.00 21.40 1.29e+2 2.59e-04 8.76e-2 9.31e-2 0.00e+0 3.88e-1 8.80e-5 2.07e-4 4.84e-4
300 -1  80 MS  2.39e+4  0.00 4.74 5.91  80.00  0.00  0.00 3.00e+2 4.24e-05 4.30e-1 3.29e+0 7.47e-1 2.50e-1 6.95e-5 1.59e-1 3.40e-2
300 -1  80 H   3.66e+6 58.60 4.99 6.18  45.10 39.50  0.00 3.13e+1 1.05e-05 4.05e-2 1.88e-1 3.25e-2 9.64e-1 2.31e-3 6.98e+1 1.16e+2
300 -1  80 He  3.17e+5 34.10 5.25 6.13  32.20  0.00 11.20 5.64e+1 6.50e-05 4.67e-2 8.54e-2 0.00e+0 4.48e-1 1.27e-5 3.06e-5 9.58e-5
300 -1  80 C   3.56e+1  0.00 5.36 6.23  32.10  0.00 25.50 8.26e+1 1.40e-04 5.65e-2 8.49e-2 0.00e+0 4.37e-1 1.18e-5 2.81e-5 8.40e-5
300 -1  80 Ne  5.60e-2  0.00 5.36 6.25  32.10  0.00 25.70 8.29e+1 1.41e-04 5.66e-2 8.49e-2 0.00e+0 4.37e-1 1.18e-5 2.81e-5 8.40e-5
300 -1  80 O   2.27e-2  1.80 5.36 6.25  32.10  0.00 25.70 8.26e+1 1.40e-04 5.65e-2 8.49e-2 0.00e+0 4.37e-1 1.18e-5 2.81e-5 8.40e-5
300 -1  80 Si  2.35e-4  1.15 5.36 6.24  32.10  0.00 25.70 8.31e+1 1.41e-04 5.67e-2 8.49e-2 0.00e+0 4.37e-1 1.18e-5 2.81e-5 8.40e-5
300 -1  80 PSN 2.95e-4  0.00 5.36 6.24  32.10  0.00 25.70 8.26e+1 1.40e-04 5.65e-2 8.49e-2 0.00e+0 4.37e-1 1.18e-5 2.81e-5 8.40e-5
300 -1 120 MS  2.37e+4  0.00 4.76 6.20 120.00  0.00  0.00 2.95e+2 3.33e-05 3.90e-1 6.16e+0 7.47e-1 2.50e-1 6.95e-5 1.59e-1 3.40e-2
300 -1 120 H   3.07e+6 92.80 4.98 6.32  57.80 51.40  0.00 1.85e+1 5.08e-06 2.33e-2 1.95e-1 4.41e-2 9.53e-1 2.31e-3 7.05e+1 1.16e+2
300 -1 120 He  2.93e+5 45.00 5.25 6.26  40.60  0.00  3.76 3.84e+1 3.84e-05 3.04e-2 8.45e-2 0.00e+0 4.61e-1 1.70e-6 4.10e-6 1.42e-5
300 -1 120 C   2.54e+1  0.00 5.33 6.36  40.50  0.00 32.40 4.93e+1 6.35e-05 3.45e-2 8.39e-2 0.00e+0 4.53e-1 1.55e-6 3.71e-6 1.24e-5
300 -1 120 Ne  3.72e-2  0.00 5.31 6.37  40.50  0.00 33.00 4.41e+1 5.08e-05 3.26e-2 8.39e-2 0.00e+0 4.53e-1 1.55e-6 3.71e-6 1.24e-5
300 -1 120 O   1.33e-2  1.71 5.31 6.37  40.50  0.00 33.00 4.58e+1 5.47e-05 3.32e-2 8.39e-2 0.00e+0 4.53e-1 1.55e-6 3.71e-6 1.24e-5
300 -1 120 Si  2.15e-4  1.04 5.29 6.37  40.50  0.00 33.00 3.90e+2 4.23e-04 2.91e-1 8.39e-2 0.00e+0 4.53e-1 1.55e-6 3.71e-6 1.24e-5
300 -1 120 PSN 6.29e-5  0.00 5.25 6.37  40.50  0.00 33.00 6.45e+2 5.66e-04 5.11e-1 8.39e-2 0.00e+0 4.53e-1 1.55e-6 3.71e-6 1.24e-5
  0 -2  13 MS  8.98e+4  0.00 4.54 4.11  13.00  0.00  0.00 0.00e+0 0.00e+00 0.00e+0 0.00e+0 7.60e-1 2.40e-1 6.95e-6 1.59e-1 3.40e-2
  0 -2  13 H   1.64e+7  5.56 4.49 4.58  13.00  3.10  0.00 0.00e+0 0.00e+00 0.00e+0 0.00e+0 7.60e-1 2.40e-1 6.95e-6 1.59e-1 3.40e-2
  0 -2  13 He  1.05e+6  1.95 4.02 4.74  13.00  4.38  2.02 0.00e+0 0.00e+00 0.00e+0 0.00e+0 7.60e-1 2.40e-1 6.95e-6 1.59e-1 3.40e-2
  0 -2  13 C   6.29e+3  0.62 3.65 4.88  13.00  4.34  2.17 0.00e+0 0.00e+00 0.00e+0 0.00e+0 7.52e-1 2.47e-1 5.26e-5 2.58e+0 2.90e-1
  0 -2  13 Ne  7.86e+0  0.83 3.65 4.88  13.00  4.34  2.24 0.00e+0 0.00e+00 0.00e+0 0.00e+0 7.52e-1 2.48e-1 5.27e-5 2.59e+0 2.90e-1
  0 -2  13 O   3.34e+0  0.95 3.65 4.88  13.00  4.34  2.22 0.00e+0 0.00e+00 0.00e+0 0.00e+0 7.52e-1 2.48e-1 5.27e-5 2.59e+0 2.90e-1
  0 -2  13 Si  2.60e-1  0.02 3.65 4.88  13.00  4.34  2.14 0.00e+0 0.00e+00 0.00e+0 0.00e+0 7.52e-1 2.48e-1 5.27e-5 2.59e+0 2.90e-1
  0 -2  13 PSN 6.50e-4  0.00 3.65 4.88  13.00  4.34  2.14 0.00e+0 0.00e+00 0.00e+0 0.00e+0 7.52e-1 2.48e-1 5.27e-5 2.59e+0 2.90e-1
  0 -2  15 MS  7.34e+4  0.00 4.57 4.28  15.00  0.00  0.00 0.00e+0 0.00e+00 0.00e+0 0.00e+0 7.60e-1 2.40e-1 6.95e-6 1.59e-1 3.40e-2
  0 -2  15 H   1.34e+7  6.77 4.51 4.75  15.00  3.85  0.00 0.00e+0 0.00e+00 0.00e+0 0.00e+0 7.60e-1 2.40e-1 6.95e-6 1.59e-1 3.40e-2
  0 -2  15 He  8.40e+5  2.45 4.00 4.89  15.00  5.27  2.56 0.00e+0 0.00e+00 0.00e+0 0.00e+0 7.60e-1 2.40e-1 6.95e-6 1.59e-1 3.40e-2
  0 -2  15 C   3.85e+3  0.56 3.64 5.01  14.80  5.21  2.79 0.00e+0 0.00e+00 0.00e+0 0.00e+0 7.51e-1 2.49e-1 5.45e-5 2.73e+0 3.03e-1
  0 -2  15 Ne  5.51e+0  0.76 3.64 5.01  14.80  5.21  2.73 0.00e+0 0.00e+00 0.00e+0 0.00e+0 7.51e-1 2.49e-1 5.45e-5 2.73e+0 3.03e-1
  0 -2  15 O   2.22e+0  0.97 3.64 5.01  14.80  5.21  2.72 0.00e+0 0.00e+00 0.00e+0 0.00e+0 7.51e-1 2.49e-1 5.45e-5 2.73e+0 3.03e-1
  0 -2  15 Si  1.55e-1  1.08 3.64 5.01  14.80  5.21  2.72 0.00e+0 0.00e+00 0.00e+0 0.00e+0 7.51e-1 2.49e-1 5.45e-5 2.73e+0 3.03e-1
  0 -2  15 PSN 1.24e-3  0.00 3.64 5.01  14.80  5.21  2.72 0.00e+0 0.00e+00 0.00e+0 0.00e+0 7.51e-1 2.49e-1 5.45e-5 2.73e+0 3.03e-1
  0 -2  20 MS  5.25e+4  0.00 4.61 4.62  20.00  0.00  0.00 0.00e+0 0.00e+00 0.00e+0 0.00e+0 7.60e-1 2.40e-1 6.95e-6 1.59e-1 3.40e-2
  0 -2  20 H   9.41e+6  9.91 4.55 5.06  20.00  5.84  0.00 0.00e+0 0.00e+00 0.00e+0 0.00e+0 7.60e-1 2.40e-1 6.95e-6 1.59e-1 3.40e-2
  0 -2  20 He  5.87e+5  3.98 3.90 5.16  19.90  7.54  4.08 0.00e+0 0.00e+00 0.00e+0 0.00e+0 7.60e-1 2.40e-1 6.95e-6 1.59e-1 3.40e-2
  0 -2  20 C   1.43e+3  0.56 3.64 5.26  19.70  7.49  4.26 0.00e+0 0.00e+00 0.00e+0 0.00e+0 7.44e-1 2.56e-1 6.14e-5 3.13e+0 3.56e-1
  0 -2  20 Ne  3.68e-1  0.74 3.64 5.26  19.70  7.49  4.23 0.00e+0 0.00e+00 0.00e+0 0.00e+0 7.44e-1 2.56e-1 6.15e-5 3.13e+0 3.56e-1
  0 -2  20 O   6.50e-1  1.02 3.64 5.26  19.70  7.49  4.23 0.00e+0 0.00e+00 0.00e+0 0.00e+0 7.44e-1 2.56e-1 6.15e-5 3.13e+0 3.56e-1
  0 -2  20 Si  5.67e-2  1.07 3.64 5.26  19.70  7.49  4.23 0.00e+0 0.00e+00 0.00e+0 0.00e+0 7.44e-1 2.56e-1 6.15e-5 3.13e+0 3.56e-1
  0 -2  20 PSN 1.08e-3  0.00 3.64 5.27  19.70  7.49  4.23 0.00e+0 0.00e+00 0.00e+0 0.00e+0 7.44e-1 2.56e-1 6.15e-5 3.13e+0 3.56e-1
  0 -2  25 MS  4.20e+4  0.00 4.64 4.86  25.00  0.00  0.00 0.00e+0 0.00e+00 0.00e+0 0.00e+0 7.60e-1 2.40e-1 6.95e-6 1.59e-1 3.40e-2
  0 -2  25 H   7.43e+6 13.30 4.57 5.28  24.90  8.12  0.00 0.00e+0 0.00e+00 0.00e+0 0.00e+0 7.60e-1 2.40e-1 6.95e-6 1.59e-1 3.40e-2
  0 -2  25 He  4.79e+5  5.70 4.30 5.36  24.90  9.87  5.80 0.00e+0 0.00e+00 0.00e+0 0.00e+0 7.60e-1 2.40e-1 6.95e-6 1.59e-1 3.40e-2
  0 -2  25 C   6.65e+2  0.08 3.67 5.20  24.70  9.87  5.97 0.00e+0 0.00e+00 0.00e+0 0.00e+0 7.60e-1 2.40e-1 6.95e-6 1.59e-1 3.40e-2
  0 -2  25 Ne  2.54e-1  0.62 3.67 5.20  24.70  9.87  5.97 0.00e+0 0.00e+00 0.00e+0 0.00e+0 7.60e-1 2.40e-1 6.95e-6 1.59e-1 3.40e-2
  0 -2  25 O   5.73e-1  1.05 3.67 5.20  24.70  9.87  5.93 0.00e+0 0.00e+00 0.00e+0 0.00e+0 7.60e-1 2.40e-1 6.95e-6 1.59e-1 3.40e-2
  0 -2  25 Si  1.22e-2  1.09 3.67 5.20  24.70  9.87  5.93 0.00e+0 0.00e+00 0.00e+0 0.00e+0 7.60e-1 2.40e-1 6.95e-6 1.59e-1 3.40e-2
  0 -2  25 PSN 6.82e-4  0.00 3.67 5.20  24.70  9.87  5.93 0.00e+0 0.00e+00 0.00e+0 0.00e+0 7.60e-1 2.40e-1 6.95e-6 1.59e-1 3.40e-2
  0 -2  30 MS  3.67e+4  0.00 4.67 5.05  30.00  0.00  0.00 0.00e+0 0.00e+00 0.00e+0 0.00e+0 7.60e-1 2.40e-1 6.95e-6 1.59e-1 3.40e-2
  0 -2  30 H   6.27e+6 17.00 4.59 5.44  29.90 10.30  0.00 0.00e+0 0.00e+00 0.00e+0 0.00e+0 7.60e-1 2.40e-1 6.95e-6 1.59e-1 3.40e-2
  0 -2  30 He  4.14e+5  6.78 4.36 5.53  29.90 11.60  6.84 0.00e+0 0.00e+00 0.00e+0 0.00e+0 7.60e-1 2.40e-1 6.95e-6 1.59e-1 3.40e-2
  0 -2  30 C   5.06e+2  0.00 4.27 5.52  29.90 11.70  7.13 0.00e+0 0.00e+00 0.00e+0 0.00e+0 7.60e-1 2.40e-1 6.95e-6 1.59e-1 3.40e-2
  0 -2  30 Ne  1.59e-1  0.63 4.27 5.52  29.90 11.60  6.98 0.00e+0 0.00e+00 0.00e+0 0.00e+0 7.60e-1 2.40e-1 6.95e-6 1.59e-1 3.40e-2
  0 -2  30 O   2.46e-1  1.14 4.27 5.52  29.90 11.60  6.98 0.00e+0 0.00e+00 0.00e+0 0.00e+0 7.60e-1 2.40e-1 6.95e-6 1.59e-1 3.40e-2
  0 -2  30 Si  1.43e-3  1.03 4.27 5.52  29.90 11.70  6.98 0.00e+0 0.00e+00 0.00e+0 0.00e+0 7.60e-1 2.40e-1 6.95e-6 1.59e-1 3.40e-2
  0 -2  30 PSN 6.01e-4  0.00 4.27 5.52  29.90 11.70  6.98 0.00e+0 0.00e+00 0.00e+0 0.00e+0 7.60e-1 2.40e-1 6.95e-6 1.59e-1 3.40e-2
  0 -2  40 MS  2.95e+4  0.00 4.70 5.33  40.00  0.00  0.00 0.00e+0 0.00e+00 0.00e+0 0.00e+0 7.60e-1 2.40e-1 6.95e-6 1.59e-1 3.40e-2
  0 -2  40 H   5.00e+6 25.00 4.61 5.68  39.80 15.40  0.00 0.00e+0 0.00e+00 0.00e+0 0.00e+0 7.60e-1 2.40e-1 6.95e-6 1.59e-1 3.40e-2
  0 -2  40 He  3.55e+5 11.00 4.35 5.75  39.80 16.70 11.20 0.00e+0 0.00e+00 0.00e+0 0.00e+0 7.60e-1 2.40e-1 6.95e-6 1.59e-1 3.40e-2
  0 -2  40 C   2.53e+2  0.00 4.22 5.75  39.70 16.70 11.20 0.00e+0 0.00e+00 0.00e+0 0.00e+0 7.60e-1 2.40e-1 6.95e-6 1.59e-1 3.40e-2
  0 -2  40 Ne  1.32e-1  0.49 4.22 5.75  39.70 16.80 11.20 0.00e+0 0.00e+00 0.00e+0 0.00e+0 7.60e-1 2.40e-1 6.95e-6 1.59e-1 3.40e-2
  0 -2  40 O   1.62e-1  1.30 4.22 5.75  39.70 16.80 11.20 0.00e+0 0.00e+00 0.00e+0 0.00e+0 7.60e-1 2.40e-1 6.95e-6 1.59e-1 3.40e-2
  0 -2  40 Si  8.40e-4  1.07 4.22 5.75  39.70 16.80 11.20 0.00e+0 0.00e+00 0.00e+0 0.00e+0 7.60e-1 2.40e-1 6.95e-6 1.59e-1 3.40e-2
  0 -2  40 PSN 4.95e-4  0.00 4.22 5.75  39.70 16.70 11.20 0.00e+0 0.00e+00 0.00e+0 0.00e+0 7.60e-1 2.40e-1 6.95e-6 1.59e-1 3.40e-2
  0 -2  60 MS  2.25e+4  0.00 4.75 5.68  60.00  0.00  0.00 0.00e+0 0.00e+00 0.00e+0 0.00e+0 7.60e-1 2.40e-1 6.95e-6 1.59e-1 3.40e-2
  0 -2  60 H   3.92e+6 42.30 4.63 5.99  59.70 25.90  0.00 0.00e+0 0.00e+00 0.00e+0 0.00e+0 7.60e-1 2.40e-1 6.95e-6 1.59e-1 3.40e-2
  0 -2  60 He  3.00e+5 19.80 4.31 6.06  59.60 27.20 19.90 0.00e+0 0.00e+00 0.00e+0 0.00e+0 7.60e-1 2.40e-1 6.95e-6 1.59e-1 3.40e-2
  0 -2  60 C   7.13e+1  0.00 4.10 6.06  59.60 27.20 20.00 0.00e+0 0.00e+00 0.00e+0 0.00e+0 7.60e-1 2.40e-1 6.95e-6 1.59e-1 3.40e-2
  0 -2  60 Ne  8.12e-2  0.00 4.10 6.06  59.60 27.20 20.00 0.00e+0 0.00e+00 0.00e+0 0.00e+0 7.60e-1 2.40e-1 6.95e-6 1.59e-1 3.40e-2
  0 -2  60 O   4.03e-2  1.72 4.10 6.06  59.60 27.20 20.00 0.00e+0 0.00e+00 0.00e+0 0.00e+0 7.60e-1 2.40e-1 6.95e-6 1.59e-1 3.40e-2
  0 -2  60 Si  3.51e-4  1.17 4.10 6.06  59.60 27.20 20.00 0.00e+0 0.00e+00 0.00e+0 0.00e+0 7.60e-1 2.40e-1 6.95e-6 1.59e-1 3.40e-2
  0 -2  60 PSN 3.13e-4  0.00 4.10 6.06  59.60 27.20 20.00 0.00e+0 0.00e+00 0.00e+0 0.00e+0 7.60e-1 2.40e-1 6.95e-6 1.59e-1 3.40e-2
  0 -2  80 MS  1.96e+4  0.00 4.77 5.91  80.00  0.00  0.00 0.00e+0 0.00e+00 0.00e+0 0.00e+0 7.60e-1 2.40e-1 6.95e-6 1.59e-1 3.40e-2
  0 -2  80 H   3.38e+6 59.60 4.61 6.18  79.50 37.00  0.00 0.00e+0 0.00e+00 0.00e+0 0.00e+0 7.60e-1 2.40e-1 6.95e-6 1.59e-1 3.40e-2
  0 -2  80 He  2.70e+5 28.80 4.24 6.24  79.30 38.30 28.90 0.00e+0 0.00e+00 0.00e+0 0.00e+0 7.60e-1 2.40e-1 6.95e-6 1.59e-1 3.40e-2
  0 -2  80 C   4.83e+1  0.00 3.80 6.24  78.60 38.30 29.00 0.00e+0 0.00e+00 0.00e+0 0.00e+0 7.60e-1 2.40e-1 6.95e-6 1.59e-1 3.40e-2
  0 -2  80 Ne  6.40e-2  0.00 3.80 6.24  78.60 38.30 28.90 0.00e+0 0.00e+00 0.00e+0 0.00e+0 7.60e-1 2.40e-1 6.95e-6 1.59e-1 3.40e-2
  0 -2  80 O   2.74e-2  1.83 3.80 6.24  78.60 38.30 28.90 0.00e+0 0.00e+00 0.00e+0 0.00e+0 7.60e-1 2.40e-1 6.95e-6 1.59e-1 3.40e-2
  0 -2  80 Si  2.36e-4  1.15 3.80 6.24  78.60 38.30 28.90 0.00e+0 0.00e+00 0.00e+0 0.00e+0 7.60e-1 2.40e-1 6.95e-6 1.59e-1 3.40e-2
  0 -2  80 PSN 2.40e-4  0.00 3.80 6.24  78.60 38.30 28.90 0.00e+0 0.00e+00 0.00e+0 0.00e+0 7.60e-1 2.40e-1 6.95e-6 1.59e-1 3.40e-2
  0 -2 120 MS  1.74e+4  0.00 4.80 6.20 120.00  0.00  0.00 0.00e+0 0.00e+00 0.00e+0 0.00e+0 7.60e-1 2.40e-1 6.95e-6 1.59e-1 3.40e-2
  0 -2 120 H   2.88e+6 95.20 4.59 6.43 119.00 59.60  0.00 0.00e+0 0.00e+00 0.00e+0 0.00e+0 7.60e-1 2.40e-1 6.95e-6 1.59e-1 3.40e-2
  0 -2 120 He  2.52e+5 50.40 4.05 6.49 106.00 61.40 50.30 0.00e+0 0.00e+00 0.00e+0 0.00e+0 6.41e-1 3.59e-1 1.52e-4 1.05e+1 2.00e+0
  0 -2 120 C   1.81e+1  0.00 4.22 6.48 103.00 61.40 50.50 0.00e+0 0.00e+00 0.00e+0 0.00e+0 4.75e-1 5.24e-1 1.97e-4 3.28e+1 5.45e+0
  0 -2 120 Ne  2.10e-2  0.00 4.23 6.49 103.00 61.40 50.50 0.00e+0 0.00e+00 0.00e+0 0.00e+0 4.75e-1 5.24e-1 1.97e-4 3.28e+1 5.45e+0
  0 -2 120 PSN 2.09e-3  0.00 4.23 6.49 103.00 61.40 50.30 0.00e+0 0.00e+00 0.00e+0 0.00e+0 4.75e-1 5.24e-1 1.97e-4 3.28e+1 5.45e+0
  0 -2 120 PSN 2.09e-3  0.00 4.23 6.49 103.00 61.40 50.30 0.00e+0 0.00e+00 0.00e+0 0.00e+0 4.75e-1 5.24e-1 1.97e-4 3.28e+1 5.45e+0
  0 -2 120 PSN 2.09e-3  0.00 4.23 6.49 103.00 61.40 50.30 0.00e+0 0.00e+00 0.00e+0 0.00e+0 4.75e-1 5.24e-1 1.97e-4 3.28e+1 5.45e+0
150 -2  13 MS  1.35e+5  0.00 4.53 4.11  13.00  0.00  0.00 1.50e+2 6.68e-05 3.08e-1 7.84e-2 7.60e-1 2.40e-1 6.95e-6 1.59e-1 3.40e-2
150 -2  13 H   1.92e+7  5.59 4.48 4.71  13.00  3.66  0.00 1.05e+2 1.81e-05 3.46e-1 7.79e-2 7.51e-1 2.48e-1 5.29e-5 2.26e+0 2.99e-1
150 -2  13 He  1.37e+6  3.06 3.63 5.16  11.00  5.21  4.24 2.59e-1 5.36e-10 8.66e-3 3.17e-2 6.50e-1 3.49e-1 2.54e-4 2.12e+1 1.88e+0
150 -2  13 C   1.30e+3  0.24 3.64 5.07  11.00  4.93  3.82 3.12e-1 7.50e-10 9.67e-3 3.15e-2 5.74e-1 4.19e-1 5.48e-3 4.32e+1 3.71e+0
150 -2  13 Ne  2.72e-1  0.64 3.64 5.07  11.00  4.93  3.82 3.13e-1 7.52e-10 9.68e-3 3.15e-2 5.74e-1 4.19e-1 5.48e-3 4.32e+1 3.71e+0
150 -2  13 O   7.25e-1  1.11 3.64 5.07  11.00  4.93  3.46 3.13e-1 7.52e-10 9.69e-3 3.15e-2 5.74e-1 4.19e-1 5.48e-3 4.32e+1 3.71e+0
150 -2  13 Si  1.53e-2  1.13 3.64 5.07  11.00  4.93  3.46 3.13e-1 7.52e-10 9.69e-3 3.15e-2 5.74e-1 4.19e-1 5.48e-3 4.32e+1 3.71e+0
150 -2  13 PSN 1.75e-3  0.00 3.64 5.07  11.00  4.93  3.46 3.13e-1 7.52e-10 9.69e-3 3.15e-2 5.74e-1 4.19e-1 5.48e-3 4.32e+1 3.71e+0
150 -2  15 MS  1.19e+5  0.00 4.56 4.28  15.00  0.00  0.00 1.49e+2 6.05e-05 2.97e-1 1.00e-1 7.60e-1 2.40e-1 6.95e-6 1.59e-1 3.40e-2
150 -2  15 H   1.55e+7  6.79 4.50 4.87  15.00  4.49  0.00 1.17e+2 1.87e-05 3.71e-1 9.95e-2 7.51e-1 2.49e-1 5.45e-5 2.31e+0 3.11e-1
150 -2  15 He  1.17e+6  3.69 3.63 5.26  13.00  6.10  4.99 2.72e-1 5.05e-10 8.81e-3 4.43e-2 6.32e-1 3.67e-1 2.51e-4 2.12e+1 1.95e+0
150 -2  15 C   9.21e+2  0.00 3.64 5.16  13.00  5.77  4.62 3.31e-1 7.20e-10 9.93e-3 4.39e-2 5.66e-1 4.26e-1 5.79e-3 3.16e+1 3.13e+0
150 -2  15 Ne  3.82e-1  0.61 3.64 5.16  13.00  5.77  4.08 3.31e-1 7.21e-10 9.94e-3 4.39e-2 5.66e-1 4.26e-1 5.79e-3 3.16e+1 3.13e+0
150 -2  15 O   4.94e-1  1.22 3.64 5.16  13.00  5.77  4.11 3.31e-1 7.21e-10 9.94e-3 4.39e-2 5.66e-1 4.26e-1 5.79e-3 3.16e+1 3.13e+0
150 -2  15 Si  1.35e-3  1.04 3.64 5.16  13.00  5.77  4.11 3.31e-1 7.21e-10 9.94e-3 4.39e-2 5.66e-1 4.26e-1 5.79e-3 3.16e+1 3.13e+0
150 -2  15 PSN 1.16e-3  0.00 3.64 5.16  13.00  5.77  4.11 3.31e-1 7.21e-10 9.94e-3 4.39e-2 5.66e-1 4.26e-1 5.79e-3 3.16e+1 3.13e+0
150 -2  20 MS  7.01e+4  0.00 4.61 4.61  20.00  0.00  0.00 1.48e+2 5.12e-05 2.80e-1 1.64e-1 7.60e-1 2.40e-1 6.95e-6 1.59e-1 3.40e-2
150 -2  20 H   1.06e+7  9.96 4.55 5.15  19.90  6.62  0.00 7.81e+1 1.10e-05 2.32e-1 1.61e-1 7.43e-1 2.56e-1 6.21e-5 2.84e+0 3.68e-1
150 -2  20 He  8.46e+5  5.36 3.63 5.50  17.60  8.05  6.72 2.38e-1 3.34e-10 7.65e-3 7.90e-2 6.08e-1 3.91e-1 6.62e-4 4.43e+1 3.23e+0
150 -2  20 C   5.86e+2  0.00 3.64 5.36  17.60  8.01  6.51 3.35e-1 5.83e-10 9.68e-3 7.79e-2 5.62e-1 4.28e-1 7.34e-3 7.01e+1 2.88e+0
150 -2  20 Ne  2.14e-1  0.49 3.64 5.36  17.60  8.00  6.50 3.36e-1 5.84e-10 9.68e-3 7.79e-2 5.62e-1 4.28e-1 7.34e-3 7.01e+1 2.88e+0
150 -2  20 O   4.78e-1  1.25 3.64 5.36  17.60  8.00  6.50 3.36e-1 5.84e-10 9.69e-3 7.79e-2 5.62e-1 4.28e-1 7.34e-3 7.01e+1 2.88e+0
150 -2  20 Si  1.11e-3  1.11 3.64 5.36  17.60  7.99  6.50 3.36e-1 5.84e-10 9.69e-3 7.79e-2 5.62e-1 4.28e-1 7.34e-3 7.01e+1 2.88e+0
150 -2  20 PSN 1.13e-3  0.00 3.64 5.36  17.60  7.98  5.86 3.36e-1 5.84e-10 9.69e-3 7.79e-2 5.62e-1 4.28e-1 7.34e-3 7.01e+1 2.88e+0
150 -2  25 MS  6.18e+4  0.00 4.64 4.86  25.00  0.00  0.00 1.50e+2 4.54e-05 2.71e-1 2.37e-1 7.60e-1 2.40e-1 6.95e-6 1.59e-1 3.40e-2
150 -2  25 H   8.15e+6 13.40 4.58 5.34  24.90  8.47  0.00 6.28e+1 8.20e-06 1.75e-1 2.30e-1 7.39e-1 2.61e-1 7.18e-5 3.57e+0 4.48e-1
150 -2  25 He  7.10e+5  7.09 4.26 5.46  24.90 10.50  8.80 1.12e+1 2.97e-07 6.97e-2 2.17e-1 6.72e-1 3.28e-1 1.09e-4 7.84e+0 8.69e-1
150 -2  25 C   3.04e+2  0.00 3.80 5.40  24.90 10.50  8.24 1.30e+0 4.44e-09 2.26e-2 2.15e-1 6.71e-1 3.29e-1 1.10e-4 7.91e+0 8.77e-1
150 -2  25 Ne  1.56e-1  0.45 3.80 5.40  24.90 10.50  8.22 1.30e+0 4.44e-09 2.26e-2 2.15e-1 6.71e-1 3.29e-1 1.10e-4 7.92e+0 8.77e-1
150 -2  25 O   2.00e-1  1.33 3.80 5.40  24.90 10.50  7.83 1.30e+0 4.44e-09 2.26e-2 2.15e-1 6.71e-1 3.29e-1 1.10e-4 7.92e+0 8.77e-1
150 -2  25 Si  8.73e-4  1.16 3.80 5.40  24.90 10.50  7.80 1.30e+0 4.44e-09 2.26e-2 2.15e-1 6.71e-1 3.29e-1 1.10e-4 7.92e+0 8.77e-1
150 -2  25 PSN 7.79e-4  0.00 3.80 5.40  24.90 10.50  7.75 1.30e+0 4.44e-09 2.26e-2 2.15e-1 6.71e-1 3.29e-1 1.10e-4 7.92e+0 8.77e-1
150 -2  30 MS  4.72e+4  0.00 4.66 5.04  30.00  0.00  0.00 1.51e+2 4.14e-05 2.61e-1 3.22e-1 7.60e-1 2.40e-1 6.95e-6 1.59e-1 3.40e-2
150 -2  30 H   7.15e+6 17.10 4.56 5.54  29.80 12.10  0.00 1.29e+2 1.22e-05 3.76e-1 2.89e-1 7.03e-1 2.97e-1 9.81e-5 6.60e+0 7.15e-1
150 -2  30 He  4.82e+5 11.40 3.64 5.70  27.10 15.30  0.01 3.00e-1 3.44e-10 8.56e-3 1.51e-1 6.68e-1 3.32e-1 1.36e-4 3.75e+1 1.24e+0
150 -2  30 C   1.55e+2  0.00 3.63 5.81  26.80 15.40 12.40 1.95e-1 1.88e-10 6.13e-3 1.40e-1 6.67e-1 3.33e-1 1.38e-4 3.79e+1 1.26e+0
150 -2  30 Ne  1.14e-1  0.38 3.63 5.81  26.80 15.40 12.40 1.95e-1 1.88e-10 6.13e-3 1.40e-1 6.67e-1 3.33e-1 1.38e-4 3.79e+1 1.26e+0
150 -2  30 O   1.01e-1  1.55 3.63 5.81  26.80 15.40 11.90 1.95e-1 1.88e-10 6.13e-3 1.40e-1 6.67e-1 3.33e-1 1.38e-4 3.79e+1 1.26e+0
150 -2  30 Si  6.67e-4  1.18 3.63 5.81  26.80 15.40 11.90 1.95e-1 1.88e-10 6.13e-3 1.40e-1 6.67e-1 3.33e-1 1.38e-4 3.79e+1 1.26e+0
150 -2  30 PSN 5.30e-4  0.00 3.63 5.81  26.80 15.40 11.90 1.95e-1 1.88e-10 6.13e-3 1.40e-1 6.67e-1 3.33e-1 1.38e-4 3.79e+1 1.26e+0
150 -2  40 MS  3.89e+4  0.00 4.70 5.33  40.00  0.00  0.00 1.49e+2 3.50e-05 2.42e-1 5.11e-1 7.60e-1 2.40e-1 6.95e-6 1.59e-1 3.40e-2
150 -2  40 H   5.59e+6 25.00 4.51 5.77  39.70 18.30  0.00 1.31e+2 7.61e-06 4.18e-1 4.45e-1 7.07e-1 2.92e-1 1.04e-4 7.11e+0 8.03e-1
150 -2  40 He  4.06e+5 17.90 5.24 5.90  21.90  0.00  7.02 5.16e+1 7.40e-05 4.65e-2 5.04e-2 0.00e+0 7.94e-1 1.60e-2 1.22e-1 2.76e-1
150 -2  40 C   6.17e+1  0.00 5.37 6.01  21.80  0.00 17.30 8.28e+1 1.90e-04 5.89e-2 5.02e-2 0.00e+0 7.77e-1 1.51e-2 1.07e-1 2.32e-1
150 -2  40 Ne  8.05e-2  0.00 5.37 6.02  21.80  0.00 17.30 8.52e+1 2.01e-04 5.98e-2 5.02e-2 0.00e+0 7.77e-1 1.51e-2 1.07e-1 2.32e-1
150 -2  40 O   3.93e-2  1.74 5.36 6.01  21.80  0.00 17.00 8.25e+1 1.89e-04 5.88e-2 5.02e-2 0.00e+0 7.77e-1 1.51e-2 1.07e-1 2.32e-1
150 -2  40 Si  3.49e-4  1.18 5.36 6.01  21.80  0.00 17.00 8.12e+1 1.83e-04 5.84e-2 5.02e-2 0.00e+0 7.77e-1 1.51e-2 1.07e-1 2.32e-1
150 -2  40 PSN 4.52e-4  0.00 5.36 6.01  21.80  0.00 17.00 8.09e+1 1.81e-04 5.83e-2 5.02e-2 0.00e+0 7.77e-1 1.51e-2 1.07e-1 2.32e-1
150 -2  60 MS  2.98e+4  0.00 4.74 5.68  60.00  0.00  0.00 1.51e+2 2.87e-05 2.23e-1 9.77e-1 7.60e-1 2.40e-1 6.95e-6 1.59e-1 3.40e-2
150 -2  60 H   4.27e+6 42.70 4.31 6.06  59.50 30.90  0.00 1.16e+2 1.96e-06 5.44e-1 8.37e-1 7.14e-1 2.86e-1 1.12e-4 7.72e+0 9.30e-1
150 -2  60 He  3.38e+5 30.60 5.25 6.20  36.10  0.00 31.00 6.45e+1 6.88e-05 5.25e-2 1.30e-1 0.00e+0 6.86e-1 1.10e-2 5.80e-2 9.92e-2
150 -2  60 C   1.93e+1  0.00 5.35 6.29  36.00  0.00 29.00 9.44e+1 1.47e-04 6.35e-2 1.29e-1 0.00e+0 6.67e-1 1.03e-2 5.13e-2 8.56e-2
150 -2  60 Ne  4.30e-2  0.00 5.35 6.31  36.00  0.00 29.00 9.30e+1 1.43e-04 6.31e-2 1.29e-1 0.00e+0 6.67e-1 1.03e-2 5.13e-2 8.56e-2
150 -2  60 O   1.70e-2  1.76 5.35 6.29  36.00  0.00 28.40 9.47e+1 1.48e-04 6.37e-2 1.29e-1 0.00e+0 6.67e-1 1.03e-2 5.13e-2 8.56e-2
150 -2  60 Si  2.21e-4  1.10 5.35 6.29  36.00  0.00 28.40 9.28e+1 1.42e-04 6.30e-2 1.29e-1 0.00e+0 6.67e-1 1.03e-2 5.13e-2 8.56e-2
150 -2  60 PSN 2.01e-4  0.00 5.35 6.29  36.00  0.00 28.40 9.28e+1 1.42e-04 6.30e-2 1.29e-1 0.00e+0 6.67e-1 1.03e-2 5.13e-2 8.56e-2
150 -2  80 MS  2.57e+4  0.00 4.77 5.91  80.00  0.00  0.00 1.51e+2 2.47e-05 2.08e-1 1.53e+0 7.60e-1 2.40e-1 6.95e-6 1.59e-1 3.40e-2
150 -2  80 H   3.62e+6 59.80 4.21 6.24  79.20 42.90  0.00 9.32e+1 8.02e-07 5.31e-1 1.30e+0 7.07e-1 2.93e-1 1.22e-4 9.42e+0 1.09e+0
150 -2  80 He  3.10e+5 42.40 5.25 6.36  48.50  0.00 16.10 7.17e+1 6.36e-05 5.51e-2 2.20e-1 0.00e+0 5.75e-1 7.23e-3 2.89e-2 4.36e-2
150 -2  80 C   1.82e+1  0.00 5.29 6.45  48.50  0.00 38.60 7.78e+1 7.47e-05 5.75e-2 2.19e-1 0.00e+0 5.52e-1 6.61e-3 2.55e-2 3.66e-2
150 -2  80 Ne  2.69e-2  0.00 5.22 6.47  48.50  0.00 39.70 5.75e+1 4.06e-05 4.95e-2 2.19e-1 0.00e+0 5.52e-1 6.61e-3 2.55e-2 3.66e-2
150 -2  80 O   7.11e-3  1.18 5.11 6.47  48.50  0.00 40.50 3.47e+1 1.46e-05 3.88e-2 2.19e-1 0.00e+0 5.52e-1 6.61e-3 2.55e-2 3.66e-2
150 -2  80 PSN 1.06e-3  0.00 5.17 6.47  48.50  0.00 40.50 4.36e+1 2.34e-05 4.31e-2 2.19e-1 0.00e+0 5.52e-1 6.61e-3 2.55e-2 3.66e-2
150 -2  80 PSN 1.06e-3  0.00 5.17 6.47  48.50  0.00 40.50 4.36e+1 2.34e-05 4.31e-2 2.19e-1 0.00e+0 5.52e-1 6.61e-3 2.55e-2 3.66e-2
150 -2 120 MS  2.20e+4  0.00 4.80 6.20 120.00  0.00  0.00 1.49e+2 2.00e-05 1.86e-1 2.87e+0 7.60e-1 2.40e-1 6.95e-6 1.59e-1 3.40e-2
150 -2 120 H   3.10e+6 95.50 4.99 6.52  86.40 70.40  0.00 2.82e+1 6.52e-06 3.18e-2 6.74e-1 1.27e-1 8.73e-1 2.32e-4 9.19e+1 1.32e+2
150 -2 120 He  2.77e+5 65.60 5.25 6.58  72.50  0.00  1.63 7.83e+1 5.38e-05 5.59e-2 4.53e-1 0.00e+0 4.45e-1 2.70e-3 8.08e-3 1.24e-2
150 -2 120 C   1.55e+2  0.00 5.02 6.63  72.30  0.00 58.80 2.62e+1 5.98e-06 3.25e-2 4.50e-1 0.00e+0 4.22e-1 2.39e-3 7.05e-3 1.02e-2
150 -2 120 Ne  2.36e-1  0.37 5.01 6.63  72.30  0.00 58.70 2.45e+1 5.22e-06 3.14e-2 4.50e-1 0.00e+0 4.22e-1 2.39e-3 7.05e-3 1.02e-2
150 -2 120 O   3.69e-1  1.24 5.00 6.63  72.30  0.00 58.70 2.37e+1 4.89e-06 3.09e-2 4.50e-1 0.00e+0 4.22e-1 2.39e-3 7.05e-3 1.02e-2
150 -2 120 Si  1.02e-3  1.03 5.00 6.63  72.30  0.00 58.70 2.34e+1 4.78e-06 3.07e-2 4.50e-1 0.00e+0 4.22e-1 2.39e-3 7.05e-3 1.02e-2
150 -2 120 PSN 8.72e-4  0.00 5.00 6.63  72.30  0.00 58.70 2.34e+1 4.76e-06 3.07e-2 4.50e-1 0.00e+0 4.22e-1 2.39e-3 7.05e-3 1.02e-2
300 -2  13 MS  1.35e+5  0.00 4.52 4.09  13.00  0.00  0.00 3.00e+2 1.24e-04 5.95e-1 1.48e-1 7.60e-1 2.40e-1 6.95e-6 1.59e-1 3.40e-2
300 -2  13 H   2.02e+7  5.51 4.45 4.70  13.00  3.57  0.00 3.03e+2 4.28e-05 8.70e-1 1.47e-1 7.30e-1 2.70e-1 9.27e-5 8.36e+0 6.24e-1
300 -2  13 He  1.79e+6  3.56 3.63 5.24  11.50  5.64  3.83 3.85e-1 7.21e-10 1.32e-2 5.52e-2 6.09e-1 3.90e-1 8.16e-4 7.24e+1 4.08e+0
300 -2  13 C   3.70e+2  0.00 3.63 5.20  11.50  5.67  4.24 4.22e-1 8.35e-10 1.42e-2 5.47e-2 6.09e-1 3.90e-1 8.16e-4 7.24e+1 4.08e+0
300 -2  13 Ne  1.96e-1  0.06 3.63 5.20  11.50  5.67  4.23 4.24e-1 8.39e-10 1.42e-2 5.47e-2 6.09e-1 3.90e-1 8.16e-4 7.24e+1 4.08e+0
300 -2  13 O   5.10e-1  1.20 3.63 5.20  11.50  5.62  3.80 4.24e-1 8.40e-10 1.42e-2 5.47e-2 6.09e-1 3.90e-1 8.16e-4 7.24e+1 4.08e+0
300 -2  13 Si  1.43e-3  1.11 3.63 5.20  11.50  5.63  3.80 4.24e-1 8.40e-10 1.42e-2 5.47e-2 6.09e-1 3.90e-1 8.16e-4 7.24e+1 4.08e+0
300 -2  13 PSN 1.80e-3  0.00 3.63 5.20  11.50  5.63  3.80 4.24e-1 8.40e-10 1.42e-2 5.47e-2 6.09e-1 3.90e-1 8.16e-4 7.24e+1 4.08e+0
300 -2  15 MS  1.14e+5  0.00 4.54 4.27  15.00  0.00  0.00 2.93e+2 1.12e-04 5.68e-1 1.87e-1 7.60e-1 2.40e-1 6.95e-6 1.59e-1 3.40e-2
300 -2  15 H   1.63e+7  6.67 4.48 4.85  15.00  4.39  0.00 2.86e+2 4.01e-05 8.10e-1 1.87e-1 7.22e-1 2.78e-1 9.85e-5 9.46e+0 6.89e-1
300 -2  15 He  1.51e+6  4.19 3.64 5.23  13.70  6.48  4.50 6.20e-1 1.23e-09 1.89e-2 8.87e-2 5.97e-1 4.02e-1 8.49e-4 7.48e+1 3.89e+0
300 -2  15 C   3.25e+2  0.00 3.64 5.27  13.70  6.48  4.72 5.52e-1 1.04e-09 1.74e-2 8.80e-2 5.97e-1 4.02e-1 8.76e-4 7.59e+1 3.92e+0
300 -2  15 Ne  1.87e-1  0.26 3.64 5.27  13.70  6.44  4.72 5.53e-1 1.04e-09 1.74e-2 8.80e-2 5.97e-1 4.02e-1 8.76e-4 7.59e+1 3.92e+0
300 -2  15 O   3.94e-1  1.26 3.64 5.27  13.70  6.46  4.72 5.53e-1 1.04e-09 1.74e-2 8.80e-2 5.97e-1 4.02e-1 8.76e-4 7.59e+1 3.92e+0
300 -2  15 Si  1.05e-3  1.06 3.64 5.27  13.70  6.47  4.34 5.53e-1 1.04e-09 1.74e-2 8.80e-2 5.97e-1 4.02e-1 8.76e-4 7.59e+1 3.92e+0
300 -2  15 PSN 1.56e-3  0.00 3.64 5.27  13.70  6.47  4.72 5.53e-1 1.04e-09 1.74e-2 8.80e-2 5.97e-1 4.02e-1 8.76e-4 7.59e+1 3.92e+0
300 -2  20 MS  8.16e+4  0.00 4.59 4.60  20.00  0.00  0.00 2.96e+2 9.65e-05 5.43e-1 3.22e-1 7.60e-1 2.40e-1 6.95e-6 1.59e-1 3.40e-2
300 -2  20 H   1.16e+7  9.82 4.52 5.21  19.90  6.77  0.00 1.88e+2 2.22e-05 5.70e-1 3.20e-1 6.77e-1 3.22e-1 1.18e-4 1.81e+1 9.38e-1
300 -2  20 He  8.16e+5  7.05 3.64 5.43  16.90  9.90  8.29 4.10e-1 6.47e-10 1.27e-2 8.95e-2 6.36e-1 3.64e-1 2.03e-4 4.59e+1 1.67e+0
300 -2  20 C   1.29e+2  0.00 3.63 5.53  16.80  9.82  7.89 2.81e-1 3.72e-10 9.50e-3 8.80e-2 6.36e-1 3.64e-1 2.14e-4 4.75e+1 1.74e+0
300 -2  20 Ne  9.51e-2  0.00 3.63 5.53  16.80  9.86  7.89 2.81e-1 3.72e-10 9.50e-3 8.80e-2 6.36e-1 3.64e-1 2.14e-4 4.75e+1 1.74e+0
300 -2  20 O   1.35e-1  1.51 3.63 5.53  16.80  9.88  7.10 2.81e-1 3.72e-10 9.50e-3 8.80e-2 6.36e-1 3.64e-1 2.14e-4 4.75e+1 1.74e+0
300 -2  20 Si  5.84e-4  1.23 3.63 5.53  16.80  9.87  7.10 2.81e-1 3.72e-10 9.50e-3 8.80e-2 6.36e-1 3.64e-1 2.14e-4 4.75e+1 1.74e+0
300 -2  20 PSN 7.30e-4  0.00 3.63 5.53  16.80  9.85  6.77 2.81e-1 3.72e-10 9.50e-3 8.80e-2 6.36e-1 3.64e-1 2.14e-4 4.75e+1 1.74e+0
300 -2  25 MS  5.56e+4  0.00 4.62 4.83  25.00  0.00  0.00 3.11e+2 8.85e-05 5.45e-1 4.66e-1 7.60e-1 2.40e-1 6.95e-6 1.59e-1 3.40e-2
300 -2  25 H   9.02e+6 13.20 4.51 5.40  24.90  9.73  0.00 2.09e+2 1.82e-05 6.43e-1 4.40e-1 6.80e-1 3.20e-1 1.23e-4 2.18e+1 1.01e+0
300 -2  25 He  5.79e+5  9.12 5.11 5.66  13.20 12.90 10.90 1.89e+0 2.00e-06 2.56e-3 3.37e-2 9.66e-2 8.52e-1 4.26e-2 1.25e+2 5.16e+0
300 -2  25 C   1.89e+2  0.00 5.21 5.66  13.20  0.00 10.40 2.97e+0 4.99e-06 3.19e-3 3.37e-2 2.39e-8 9.09e-1 7.57e-2 6.53e+1 5.50e+0
300 -2  25 Ne  1.42e-1  0.46 5.22 5.67  13.20  0.00 10.40 3.03e+0 5.20e-06 3.22e-3 3.37e-2 2.38e-8 9.09e-1 7.57e-2 6.49e+1 5.49e+0
300 -2  25 O   1.50e-1  1.43 5.22 5.68  13.20  0.00 10.40 3.03e+0 5.20e-06 3.22e-3 3.37e-2 2.38e-8 9.09e-1 7.57e-2 6.45e+1 5.49e+0
300 -2  25 Si  7.49e-4  1.20 5.20 5.69  13.20  0.00 10.40 2.80e+0 4.42e-06 3.09e-3 3.37e-2 5.98e-9 6.23e-1 3.23e-2 2.64e-1 1.77e-1
300 -2  25 PSN 8.15e-4  0.00 5.21 5.69  13.20  0.00 10.40 2.82e+0 4.50e-06 3.11e-3 3.37e-2 5.98e-9 6.23e-1 3.23e-2 2.64e-1 1.77e-1
300 -2  30 MS  4.64e+4  0.00 4.66 5.04  30.00  0.00  0.00 3.00e+2 8.02e-05 5.01e-1 6.30e-1 7.60e-1 2.40e-1 6.95e-6 1.59e-1 3.40e-2
300 -2  30 H   7.44e+6 16.90 4.44 5.55  29.80 12.60  0.00 2.99e+2 1.54e-05 9.04e-1 5.77e-1 6.96e-1 3.04e-1 1.23e-4 2.22e+1 1.00e+0
300 -2  30 He  4.87e+5 11.70 5.22 5.66  15.10  0.00 12.70 8.58e+1 1.51e-04 8.39e-2 3.68e-2 0.00e+0 6.65e-1 1.12e-2 4.61e-2 1.45e-1
300 -2  30 C   1.69e+2  0.00 5.34 5.77  15.10  0.00 11.80 1.29e+2 3.38e-04 1.03e-1 3.67e-2 0.00e+0 6.51e-1 1.08e-2 4.30e-2 1.29e-1
300 -2  30 Ne  1.27e-1  0.45 5.34 5.78  15.10  0.00 11.80 1.33e+2 3.62e-04 1.05e-1 3.67e-2 0.00e+0 6.51e-1 1.08e-2 4.30e-2 1.29e-1
300 -2  30 O   1.27e-1  1.47 5.34 5.78  15.10  0.00 11.70 1.32e+2 3.56e-04 1.04e-1 3.67e-2 0.00e+0 6.51e-1 1.08e-2 4.30e-2 1.29e-1
300 -2  30 Si  7.68e-4  1.19 5.34 5.78  15.10  0.00 11.70 1.32e+2 3.54e-04 1.04e-1 3.67e-2 0.00e+0 6.51e-1 1.08e-2 4.30e-2 1.29e-1
300 -2  30 PSN 6.06e-4  0.00 5.35 5.78  15.10  0.00 11.70 1.34e+2 3.66e-04 1.05e-1 3.67e-2 0.00e+0 6.51e-1 1.08e-2 4.30e-2 1.29e-1
300 -2  40 MS  3.64e+4  0.00 4.70 5.32  40.00  0.00  0.00 3.00e+2 6.90e-05 4.72e-1 1.01e+0 7.60e-1 2.40e-1 6.95e-6 1.59e-1 3.40e-2
300 -2  40 H   5.81e+6 24.80 4.41 5.78  39.60 19.00  0.00 1.70e+2 5.99e-06 6.47e-1 8.73e-1 7.06e-1 2.93e-1 1.20e-4 1.93e+1 9.73e-1
300 -2  40 He  4.06e+5 18.80 5.24 5.93  23.00  0.00  3.61 9.15e+1 1.30e-04 8.07e-2 7.82e-2 0.00e+0 5.62e-1 3.46e-2 1.42e-1 2.22e-1
300 -2  40 C   5.02e+1  0.00 5.38 6.04  22.90  0.00 18.50 1.51e+2 3.53e-04 1.04e-1 7.79e-2 0.00e+0 5.44e-1 3.29e-2 1.31e-1 1.97e-1
300 -2  40 Ne  7.62e-2  0.00 5.39 6.05  22.90  0.00 18.20 1.56e+2 3.76e-04 1.05e-1 7.79e-2 0.00e+0 5.44e-1 3.29e-2 1.31e-1 1.97e-1
300 -2  40 O   3.75e-2  1.81 5.37 6.04  22.90  0.00 17.60 1.46e+2 3.30e-04 1.02e-1 7.79e-2 0.00e+0 5.44e-1 3.29e-2 1.31e-1 1.97e-1
300 -2  40 Si  3.48e-4  1.23 5.36 6.03  22.90  0.00 17.60 1.42e+2 3.11e-04 1.01e-1 7.79e-2 0.00e+0 5.44e-1 3.29e-2 1.31e-1 1.97e-1
300 -2  40 PSN 5.34e-4  0.00 5.36 6.03  22.90  0.00 17.60 1.39e+2 2.99e-04 9.96e-2 7.79e-2 0.00e+0 5.44e-1 3.29e-2 1.31e-1 1.97e-1
300 -2  60 MS  3.22e+4  0.00 4.73 5.67  60.00  0.00  0.00 2.94e+2 5.38e-05 4.28e-1 1.93e+0 7.60e-1 2.40e-1 6.95e-6 1.59e-1 3.40e-2
300 -2  60 H   4.43e+6 42.40 4.07 6.07  59.30 32.40  0.25 7.81e+0 4.32e-08 6.87e-2 1.57e+0 7.03e-1 2.97e-1 1.25e-4 1.45e+1 1.09e+0
300 -2  60 He  3.34e+5 32.00 5.25 6.22  37.50  0.00 32.50 1.09e+2 1.15e-04 8.73e-2 1.92e-1 0.00e+0 4.69e-1 1.19e-2 3.54e-2 6.73e-2
300 -2  60 C   3.24e+1  0.00 5.35 6.31  37.40  0.00 29.50 1.53e+2 2.27e-04 1.03e-1 1.92e-1 0.00e+0 4.58e-1 1.15e-2 3.37e-2 6.14e-2
300 -2  60 Ne  4.76e-2  0.00 5.34 6.33  37.40  0.00 30.40 1.49e+2 2.15e-04 1.02e-1 1.92e-1 0.00e+0 4.58e-1 1.15e-2 3.37e-2 6.14e-2
300 -2  60 O   1.70e-2  1.81 5.33 6.33  37.40  0.00 30.40 1.41e+2 1.92e-04 9.93e-2 1.92e-1 0.00e+0 4.58e-1 1.15e-2 3.37e-2 6.14e-2
300 -2  60 Si  2.55e-4  1.11 5.32 6.34  37.40  0.00 31.10 1.30e+2 1.63e-04 9.54e-2 1.92e-1 0.00e+0 4.58e-1 1.15e-2 3.37e-2 6.14e-2
300 -2  60 PSN 1.62e-4  0.00 5.30 6.35  37.40  0.00 31.00 1.21e+2 1.41e-04 9.19e-2 1.92e-1 0.00e+0 4.58e-1 1.15e-2 3.37e-2 6.14e-2
300 -2  80 MS  2.80e+4  0.00 4.76 5.90  80.00  0.00  0.00 2.95e+2 4.68e-05 4.01e-1 3.03e+0 7.60e-1 2.40e-1 6.95e-6 1.59e-1 3.40e-2
300 -2  80 H   3.77e+6 59.30 5.02 6.28  54.20 45.50  0.00 4.36e+1 1.50e-05 5.09e-2 4.09e-1 6.14e-2 9.38e-1 2.31e-4 7.23e+1 1.39e+2
300 -2  80 He  3.07e+5 42.00 5.25 6.35  47.10  0.00  0.00 1.14e+2 1.04e-04 8.73e-2 2.82e-1 0.00e+0 4.39e-1 2.90e-3 7.84e-3 1.55e-2
300 -2  80 C   2.07e+1  0.00 5.31 6.43  47.00  0.00 37.10 1.34e+2 1.45e-04 9.51e-2 2.81e-1 0.00e+0 4.29e-1 2.77e-3 7.45e-3 1.41e-2
300 -2  80 Ne  3.38e-2  0.00 5.27 6.45  47.00  0.00 38.30 1.11e+2 9.92e-05 8.66e-2 2.81e-1 0.00e+0 4.29e-1 2.77e-3 7.45e-3 1.41e-2
300 -2  80 O   9.20e-3  1.48 5.23 6.45  47.00  0.00 38.20 9.15e+1 6.72e-05 7.84e-2 2.81e-1 0.00e+0 4.29e-1 2.77e-3 7.45e-3 1.41e-2
300 -2  80 PSN 1.46e-4  0.00 5.25 6.45  47.00  0.00 38.70 1.03e+2 8.54e-05 8.31e-2 2.81e-1 0.00e+0 4.29e-1 2.77e-3 7.45e-3 1.41e-2
300 -2  80 PSN 1.46e-4  0.00 5.25 6.45  47.00  0.00 38.70 1.03e+2 8.54e-05 8.31e-2 2.81e-1 0.00e+0 4.29e-1 2.77e-3 7.45e-3 1.41e-2
300 -2 120 MS  2.35e+4  0.00 4.79 6.20 120.00  0.00  0.00 2.95e+2 3.83e-05 3.65e-1 5.67e+0 7.60e-1 2.40e-1 6.95e-6 1.59e-1 3.40e-2
300 -2 120 H   3.23e+6 95.00 5.05 6.54  83.40 73.30  0.00 1.11e+2 3.21e-05 1.13e-1 8.06e-1 2.34e-2 9.76e-1 2.30e-4 5.50e+1 1.61e+2
300 -2 120 He  2.74e+5 67.00 5.24 6.56  70.90  0.00  0.97 1.06e+2 7.33e-05 7.64e-2 5.25e-1 0.00e+0 4.52e-1 7.26e-4 2.00e-3 3.97e-3
300 -2 120 C   3.53e+1  0.00 5.04 6.63  70.40  0.00 51.70 3.86e+1 9.77e-06 4.60e-2 5.15e-1 0.00e+0 4.08e-1 5.83e-4 1.60e-3 2.59e-3
300 -2 120 Ne  6.73e-2  0.00 5.01 6.63  70.40  0.00 51.70 3.35e+1 7.38e-06 4.29e-2 5.15e-1 0.00e+0 4.08e-1 5.83e-4 1.60e-3 2.59e-3
300 -2 120 PSN 2.59e-2  0.00 4.93 6.64  70.40  0.00 53.20 2.29e+1 3.45e-06 3.55e-2 5.15e-1 0.00e+0 4.08e-1 5.83e-4 1.60e-3 2.59e-3
300 -2 120 PSN 2.59e-2  0.00 4.93 6.64  70.40  0.00 53.20 2.29e+1 3.45e-06 3.55e-2 5.15e-1 0.00e+0 4.08e-1 5.83e-4 1.60e-3 2.59e-3
300 -2 120 PSN 2.59e-2  0.00 4.93 6.64  70.40  0.00 53.20 2.29e+1 3.45e-06 3.55e-2 5.15e-1 0.00e+0 4.08e-1 5.83e-4 1.60e-3 2.59e-3
  0 -3  13 MS  1.05e+5  0.00 4.57 4.12  13.00  0.00  0.00 0.00e+0 0.00e+00 0.00e+0 0.00e+0 7.60e-1 2.40e-1 6.95e-7 1.59e-1 3.40e-2
  0 -3  13 H   1.62e+7  5.63 4.52 4.59  13.00  3.11  0.00 0.00e+0 0.00e+00 0.00e+0 0.00e+0 7.60e-1 2.40e-1 6.95e-7 1.59e-1 3.40e-2
  0 -3  13 He  1.01e+6  1.98 4.23 4.75  13.00  4.32  2.03 0.00e+0 0.00e+00 0.00e+0 0.00e+0 7.60e-1 2.40e-1 6.95e-7 1.59e-1 3.40e-2
  0 -3  13 C   6.24e+3  0.57 3.66 4.88  13.00  4.22  2.19 0.00e+0 0.00e+00 0.00e+0 0.00e+0 7.53e-1 2.47e-1 6.85e-6 4.40e+0 4.04e-1
  0 -3  13 Ne  6.29e+0  0.85 3.66 4.88  13.00  4.22  2.25 0.00e+0 0.00e+00 0.00e+0 0.00e+0 7.53e-1 2.47e-1 6.87e-6 4.42e+0 4.05e-1
  0 -3  13 O   3.22e+0  0.94 3.66 4.88  13.00  4.22  2.24 0.00e+0 0.00e+00 0.00e+0 0.00e+0 7.53e-1 2.47e-1 6.87e-6 4.42e+0 4.05e-1
  0 -3  13 Si  2.45e-1  1.12 3.66 4.88  13.00  4.22  2.24 0.00e+0 0.00e+00 0.00e+0 0.00e+0 7.53e-1 2.47e-1 6.87e-6 4.42e+0 4.05e-1
  0 -3  13 PSN 1.32e-3  0.00 3.66 4.88  13.00  4.22  2.15 0.00e+0 0.00e+00 0.00e+0 0.00e+0 7.53e-1 2.47e-1 6.87e-6 4.42e+0 4.05e-1
  0 -3  15 MS  7.35e+4  0.00 4.60 4.29  15.00  0.00  0.00 0.00e+0 0.00e+00 0.00e+0 0.00e+0 7.60e-1 2.40e-1 6.95e-7 1.59e-1 3.40e-2
  0 -3  15 H   1.33e+7  6.84 4.54 4.76  15.00  3.82  0.00 0.00e+0 0.00e+00 0.00e+0 0.00e+0 7.60e-1 2.40e-1 6.95e-7 1.59e-1 3.40e-2
  0 -3  15 He  9.75e+5  3.20 4.21 4.90  15.00  5.29  3.20 0.00e+0 0.00e+00 0.00e+0 0.00e+0 7.60e-1 2.40e-1 6.95e-7 1.59e-1 3.40e-2
  0 -3  15 C   1.60e+3  0.42 3.66 5.06  15.00  5.22  3.33 0.00e+0 0.00e+00 0.00e+0 0.00e+0 7.44e-1 2.56e-1 7.61e-6 5.15e+0 4.69e-1
  0 -3  15 Ne  7.98e-1  0.71 3.66 5.06  15.00  5.22  3.28 0.00e+0 0.00e+00 0.00e+0 0.00e+0 7.44e-1 2.56e-1 7.61e-6 5.15e+0 4.69e-1
  0 -3  15 O   1.44e+0  1.05 3.66 5.06  15.00  5.22  3.28 0.00e+0 0.00e+00 0.00e+0 0.00e+0 7.44e-1 2.56e-1 7.61e-6 5.15e+0 4.69e-1
  0 -3  15 Si  3.02e-2  1.04 3.66 5.06  15.00  5.22  3.09 0.00e+0 0.00e+00 0.00e+0 0.00e+0 7.44e-1 2.56e-1 7.61e-6 5.15e+0 4.69e-1
  0 -3  15 PSN 1.20e-3  0.00 3.66 5.06  15.00  5.22  3.09 0.00e+0 0.00e+00 0.00e+0 0.00e+0 7.44e-1 2.56e-1 7.61e-6 5.15e+0 4.69e-1
  0 -3  20 MS  5.45e+4  0.00 4.64 4.63  20.00  0.00  0.00 0.00e+0 0.00e+00 0.00e+0 0.00e+0 7.60e-1 2.40e-1 6.95e-7 1.59e-1 3.40e-2
  0 -3  20 H   9.34e+6  9.82 4.58 5.07  20.00  5.84  0.00 0.00e+0 0.00e+00 0.00e+0 0.00e+0 7.60e-1 2.40e-1 6.95e-7 1.59e-1 3.40e-2
  0 -3  20 He  5.86e+5  4.10 4.23 5.17  20.00  7.42  4.24 0.00e+0 0.00e+00 0.00e+0 0.00e+0 7.60e-1 2.40e-1 6.95e-7 1.59e-1 3.40e-2
  0 -3  20 C   1.28e+3  0.47 3.66 5.26  19.80  7.42  4.36 0.00e+0 0.00e+00 0.00e+0 0.00e+0 7.48e-1 2.52e-1 7.15e-6 4.85e+0 4.27e-1
  0 -3  20 Ne  2.91e-1  0.70 3.66 5.26  19.80  7.42  4.36 0.00e+0 0.00e+00 0.00e+0 0.00e+0 7.48e-1 2.52e-1 7.17e-6 4.86e+0 4.28e-1
  0 -3  20 O   5.80e-1  1.01 3.66 5.26  19.80  7.42  4.36 0.00e+0 0.00e+00 0.00e+0 0.00e+0 7.48e-1 2.52e-1 7.17e-6 4.86e+0 4.28e-1
  0 -3  20 Si  5.07e-2  1.07 3.66 5.26  19.80  7.42  4.36 0.00e+0 0.00e+00 0.00e+0 0.00e+0 7.48e-1 2.52e-1 7.17e-6 4.86e+0 4.28e-1
  0 -3  20 PSN 9.91e-4  0.00 3.66 5.26  19.80  7.42  4.35 0.00e+0 0.00e+00 0.00e+0 0.00e+0 7.48e-1 2.52e-1 7.17e-6 4.86e+0 4.28e-1
  0 -3  25 MS  4.41e+4  0.00 4.67 4.87  25.00  0.00  0.00 0.00e+0 0.00e+00 0.00e+0 0.00e+0 7.60e-1 2.40e-1 6.95e-7 1.59e-1 3.40e-2
  0 -3  25 H   7.38e+6 13.50 4.60 5.29  25.00  8.11  0.00 0.00e+0 0.00e+00 0.00e+0 0.00e+0 7.60e-1 2.40e-1 6.95e-7 1.59e-1 3.40e-2
  0 -3  25 He  4.87e+5  6.08 4.28 5.37  25.00  9.90  6.20 0.00e+0 0.00e+00 0.00e+0 0.00e+0 7.60e-1 2.40e-1 6.95e-7 1.59e-1 3.40e-2
  0 -3  25 C   5.49e+2  0.00 3.66 5.46  24.60  9.84  6.30 0.00e+0 0.00e+00 0.00e+0 0.00e+0 7.23e-1 2.77e-1 8.97e-6 6.69e+0 6.01e-1
  0 -3  25 Ne  1.99e-1  0.59 3.66 5.46  24.60  9.84  6.29 0.00e+0 0.00e+00 0.00e+0 0.00e+0 7.23e-1 2.77e-1 8.97e-6 6.69e+0 6.01e-1
  0 -3  25 O   4.65e-1  1.09 3.66 5.46  24.60  9.84  6.29 0.00e+0 0.00e+00 0.00e+0 0.00e+0 7.23e-1 2.77e-1 8.97e-6 6.69e+0 6.01e-1
  0 -3  25 Si  3.55e-3  1.07 3.66 5.46  24.60  9.84  6.29 0.00e+0 0.00e+00 0.00e+0 0.00e+0 7.23e-1 2.77e-1 8.97e-6 6.69e+0 6.01e-1
  0 -3  25 PSN 6.22e-4  0.00 3.66 5.46  24.60  9.84  6.29 0.00e+0 0.00e+00 0.00e+0 0.00e+0 7.23e-1 2.77e-1 8.97e-6 6.69e+0 6.01e-1
  0 -3  30 MS  4.05e+4  0.00 4.70 5.06  30.00  0.00  0.00 0.00e+0 0.00e+00 0.00e+0 0.00e+0 7.60e-1 2.40e-1 6.95e-7 1.59e-1 3.40e-2
  0 -3  30 H   6.24e+6 17.00 4.62 5.45  30.00 10.40  0.00 0.00e+0 0.00e+00 0.00e+0 0.00e+0 7.60e-1 2.40e-1 6.95e-7 1.59e-1 3.40e-2
  0 -3  30 He  4.15e+5  7.89 4.39 5.52  30.00 12.30  7.98 0.00e+0 0.00e+00 0.00e+0 0.00e+0 7.60e-1 2.40e-1 6.95e-7 1.59e-1 3.40e-2
  0 -3  30 C   3.70e+2  0.00 4.07 5.51  30.00 12.30  8.09 0.00e+0 0.00e+00 0.00e+0 0.00e+0 7.60e-1 2.40e-1 6.95e-7 1.59e-1 3.40e-2
  0 -3  30 Ne  1.67e-1  0.59 4.07 5.51  30.00 12.30  8.08 0.00e+0 0.00e+00 0.00e+0 0.00e+0 7.60e-1 2.40e-1 6.95e-7 1.59e-1 3.40e-2
  0 -3  30 O   2.88e-1  1.12 4.07 5.51  30.00 12.30  8.08 0.00e+0 0.00e+00 0.00e+0 0.00e+0 7.60e-1 2.40e-1 6.95e-7 1.59e-1 3.40e-2
  0 -3  30 Si  1.82e-3  1.09 4.07 5.51  30.00 12.30  8.08 0.00e+0 0.00e+00 0.00e+0 0.00e+0 7.60e-1 2.40e-1 6.95e-7 1.59e-1 3.40e-2
  0 -3  30 PSN 5.74e-4  0.00 4.07 5.51  30.00 12.30  8.08 0.00e+0 0.00e+00 0.00e+0 0.00e+0 7.60e-1 2.40e-1 6.95e-7 1.59e-1 3.40e-2
  0 -3  40 MS  3.33e+4  0.00 4.74 5.33  40.00  0.00  0.00 0.00e+0 0.00e+00 0.00e+0 0.00e+0 7.60e-1 2.40e-1 6.95e-7 1.59e-1 3.40e-2
  0 -3  40 H   4.98e+6 24.40 4.64 5.69  40.00 15.20  0.00 0.00e+0 0.00e+00 0.00e+0 0.00e+0 7.60e-1 2.40e-1 6.95e-7 1.59e-1 3.40e-2
  0 -3  40 He  3.54e+5 12.00 4.46 5.75  40.00 17.50  0.19 0.00e+0 0.00e+00 0.00e+0 0.00e+0 7.60e-1 2.40e-1 6.95e-7 1.59e-1 3.40e-2
  0 -3  40 C   1.57e+2  0.00 4.34 5.75  40.00 17.50 12.30 0.00e+0 0.00e+00 0.00e+0 0.00e+0 7.60e-1 2.40e-1 6.95e-7 1.59e-1 3.40e-2
  0 -3  40 Ne  1.13e-1  0.41 4.34 5.75  40.00 17.50 12.20 0.00e+0 0.00e+00 0.00e+0 0.00e+0 7.60e-1 2.40e-1 6.95e-7 1.59e-1 3.40e-2
  0 -3  40 O   1.07e-1  1.50 4.34 5.75  40.00 17.50 12.20 0.00e+0 0.00e+00 0.00e+0 0.00e+0 7.60e-1 2.40e-1 6.95e-7 1.59e-1 3.40e-2
  0 -3  40 Si  7.26e-4  1.12 4.34 5.75  40.00 17.50 12.20 0.00e+0 0.00e+00 0.00e+0 0.00e+0 7.60e-1 2.40e-1 6.95e-7 1.59e-1 3.40e-2
  0 -3  40 PSN 4.66e-4  0.00 4.34 5.75  40.00 17.50 12.20 0.00e+0 0.00e+00 0.00e+0 0.00e+0 7.60e-1 2.40e-1 6.95e-7 1.59e-1 3.40e-2
  0 -3  60 MS  2.87e+4  0.00 4.78 5.68  60.00  0.00  0.00 0.00e+0 0.00e+00 0.00e+0 0.00e+0 7.60e-1 2.40e-1 6.95e-7 1.59e-1 3.40e-2
  0 -3  60 H   3.84e+6 40.00 4.65 5.99  60.00 26.00  0.00 0.00e+0 0.00e+00 0.00e+0 0.00e+0 7.60e-1 2.40e-1 6.95e-7 1.59e-1 3.40e-2
  0 -3  60 He  3.02e+5 21.60 4.43 6.04  59.90 28.50 21.70 0.00e+0 0.00e+00 0.00e+0 0.00e+0 7.60e-1 2.40e-1 6.95e-7 1.59e-1 3.40e-2
  0 -3  60 C   5.98e+1  0.00 4.29 6.04  59.90 28.50 21.70 0.00e+0 0.00e+00 0.00e+0 0.00e+0 7.60e-1 2.40e-1 6.95e-7 1.59e-1 3.40e-2
  0 -3  60 Ne  7.46e-2  0.00 4.29 6.04  59.90 28.50 21.70 0.00e+0 0.00e+00 0.00e+0 0.00e+0 7.60e-1 2.40e-1 6.95e-7 1.59e-1 3.40e-2
  0 -3  60 O   3.47e-2  1.79 4.29 6.04  59.90 28.50 21.70 0.00e+0 0.00e+00 0.00e+0 0.00e+0 7.60e-1 2.40e-1 6.95e-7 1.59e-1 3.40e-2
  0 -3  60 Si  3.02e-4  1.14 4.29 6.04  59.90 28.50 21.70 0.00e+0 0.00e+00 0.00e+0 0.00e+0 7.60e-1 2.40e-1 6.95e-7 1.59e-1 3.40e-2
  0 -3  60 PSN 3.03e-4  0.00 4.29 6.04  59.90 28.50 21.70 0.00e+0 0.00e+00 0.00e+0 0.00e+0 7.60e-1 2.40e-1 6.95e-7 1.59e-1 3.40e-2
  0 -3  80 MS  2.55e+4  0.00 4.80 5.91  80.00  0.00  0.00 0.00e+0 0.00e+00 0.00e+0 0.00e+0 7.60e-1 2.40e-1 6.95e-7 1.59e-1 3.40e-2
  0 -3  80 H   3.33e+6 57.50 4.66 6.18  79.90 36.30  0.00 0.00e+0 0.00e+00 0.00e+0 0.00e+0 7.60e-1 2.40e-1 6.95e-7 1.59e-1 3.40e-2
  0 -3  80 He  2.69e+5 29.60 4.39 6.23  79.90 38.90 29.70 0.00e+0 0.00e+00 0.00e+0 0.00e+0 7.60e-1 2.40e-1 6.95e-7 1.59e-1 3.40e-2
  0 -3  80 C   4.72e+1  0.00 4.25 6.22  79.90 38.90 29.80 0.00e+0 0.00e+00 0.00e+0 0.00e+0 7.60e-1 2.40e-1 6.95e-7 1.59e-1 3.40e-2
  0 -3  80 Ne  6.10e-2  0.00 4.25 6.22  79.90 38.90 29.80 0.00e+0 0.00e+00 0.00e+0 0.00e+0 7.60e-1 2.40e-1 6.95e-7 1.59e-1 3.40e-2
  0 -3  80 O   2.65e-2  1.86 4.25 6.22  79.90 38.90 29.70 0.00e+0 0.00e+00 0.00e+0 0.00e+0 7.60e-1 2.40e-1 6.95e-7 1.59e-1 3.40e-2
  0 -3  80 Si  2.27e-4  1.11 4.25 6.22  79.90 38.90 29.70 0.00e+0 0.00e+00 0.00e+0 0.00e+0 7.60e-1 2.40e-1 6.95e-7 1.59e-1 3.40e-2
  0 -3  80 PSN 2.29e-4  0.00 4.25 6.22  79.90 38.90 29.60 0.00e+0 0.00e+00 0.00e+0 0.00e+0 7.60e-1 2.40e-1 6.95e-7 1.59e-1 3.40e-2
  0 -3 120 MS  1.75e+4  0.00 4.83 6.21 120.00  0.00  0.00 0.00e+0 0.00e+00 0.00e+0 0.00e+0 7.60e-1 2.40e-1 6.95e-7 1.59e-1 3.40e-2
  0 -3 120 H   2.84e+6 92.90 4.62 6.43 120.00 58.80  0.00 0.00e+0 0.00e+00 0.00e+0 0.00e+0 7.60e-1 2.40e-1 6.95e-7 1.59e-1 3.40e-2
  0 -3 120 He  2.46e+5 48.90 4.22 6.48 120.00 61.00 49.00 0.00e+0 0.00e+00 0.00e+0 0.00e+0 7.60e-1 2.40e-1 6.95e-7 1.59e-1 3.40e-2
  0 -3 120 C   1.94e+1  0.00 4.10 6.47 120.00 61.00 49.00 0.00e+0 0.00e+00 0.00e+0 0.00e+0 7.60e-1 2.40e-1 6.95e-7 1.59e-1 3.40e-2
  0 -3 120 Ne  2.79e-2  0.00 4.10 6.47 120.00 61.00 49.00 0.00e+0 0.00e+00 0.00e+0 0.00e+0 7.60e-1 2.40e-1 6.95e-7 1.59e-1 3.40e-2
  0 -3 120 PSN 5.24e-3  0.00 4.10 6.47 120.00 61.00 49.00 0.00e+0 0.00e+00 0.00e+0 0.00e+0 7.60e-1 2.40e-1 6.95e-7 1.59e-1 3.40e-2
  0 -3 120 PSN 5.24e-3  0.00 4.10 6.47 120.00 61.00 49.00 0.00e+0 0.00e+00 0.00e+0 0.00e+0 7.60e-1 2.40e-1 6.95e-7 1.59e-1 3.40e-2
  0 -3 120 PSN 5.24e-3  0.00 4.10 6.47 120.00 61.00 49.00 0.00e+0 0.00e+00 0.00e+0 0.00e+0 7.60e-1 2.40e-1 6.95e-7 1.59e-1 3.40e-2
150 -3  13 MS  1.45e+5  0.00 4.57 4.12  13.00  0.00  0.00 1.50e+2 7.76e-05 2.86e-1 7.02e-2 7.60e-1 2.40e-1 6.95e-7 1.59e-1 3.40e-2
150 -3  13 H   1.90e+7  5.72 4.52 4.72  13.00  3.64  0.00 6.88e+1 1.40e-05 2.11e-1 6.98e-2 7.53e-1 2.47e-1 5.57e-6 2.98e+0 3.09e-1
150 -3  13 He  1.34e+6  3.13 3.66 5.12  11.80  5.30  3.50 3.81e-1 9.29e-10 1.14e-2 3.79e-2 6.61e-1 3.39e-1 1.53e-5 2.03e+1 1.24e+0
150 -3  13 C   1.14e+3  0.00 3.66 5.08  11.80  4.98  3.85 3.88e-1 1.01e-09 1.12e-2 3.79e-2 5.95e-1 4.01e-1 2.61e-3 5.95e+1 3.37e+0
150 -3  13 Ne  4.49e-1  0.59 3.66 5.08  11.80  4.98  3.85 3.89e-1 1.01e-09 1.12e-2 3.79e-2 5.95e-1 4.01e-1 2.61e-3 5.95e+1 3.37e+0
150 -3  13 O   6.94e-1  1.15 3.66 5.08  11.80  4.98  3.85 3.89e-1 1.01e-09 1.12e-2 3.79e-2 5.95e-1 4.01e-1 2.61e-3 5.95e+1 3.37e+0
150 -3  13 Si  6.02e-3  1.13 3.66 5.08  11.80  4.98  3.54 3.89e-1 1.01e-09 1.12e-2 3.78e-2 5.95e-1 4.01e-1 2.61e-3 5.95e+1 3.37e+0
150 -3  13 PSN 1.39e-3  0.00 3.66 5.08  11.80  4.98  3.54 3.89e-1 1.01e-09 1.12e-2 3.78e-2 5.95e-1 4.01e-1 2.61e-3 5.95e+1 3.37e+0
150 -3  15 MS  2.19e+6  6.81 4.59 4.34  15.00  0.00  0.00 1.47e+2 6.49e-05 2.84e-1 8.86e-2 7.60e-1 2.40e-1 6.95e-7 1.59e-1 3.40e-2
150 -3  15 H   1.54e+7  6.81 4.54 4.87  15.00  4.39  0.00 9.01e+1 1.70e-05 2.66e-1 8.73e-2 7.51e-1 2.49e-1 4.94e-6 2.44e+0 2.66e-1
150 -3  15 He  1.18e+6  3.78 3.66 5.23  13.30  6.13  5.09 3.37e-1 7.22e-10 1.01e-2 4.43e-2 6.35e-1 3.65e-1 2.01e-5 2.43e+1 1.65e+0
150 -3  15 C   7.61e+2  0.00 3.66 5.19  13.20  5.96  4.54 3.59e-1 8.30e-10 1.03e-2 4.42e-2 5.83e-1 4.16e-1 1.34e-3 7.93e+1 4.01e+0
150 -3  15 Ne  3.38e-1  0.47 3.66 5.19  13.20  5.96  4.54 3.59e-1 8.31e-10 1.04e-2 4.42e-2 5.83e-1 4.16e-1 1.34e-3 7.93e+1 4.01e+0
150 -3  15 O   5.78e-1  1.22 3.66 5.19  13.20  5.96  4.12 3.59e-1 8.31e-10 1.04e-2 4.42e-2 5.83e-1 4.16e-1 1.34e-3 7.93e+1 4.01e+0
150 -3  15 Si  1.66e-3  1.22 3.66 5.19  13.20  5.96  4.12 3.59e-1 8.31e-10 1.04e-2 4.42e-2 5.83e-1 4.16e-1 1.34e-3 7.93e+1 4.01e+0
150 -3  15 PSN 5.73e-4  0.00 3.66 5.19  13.20  5.96  4.12 3.59e-1 8.31e-10 1.04e-2 4.42e-2 5.83e-1 4.16e-1 1.34e-3 7.93e+1 4.01e+0
150 -3  20 MS  1.06e+5  0.00 4.64 4.63  20.00  0.00  0.00 1.48e+2 5.86e-05 2.61e-1 1.45e-1 7.60e-1 2.40e-1 6.95e-7 1.59e-1 3.40e-2
150 -3  20 H   1.04e+7 10.00 4.58 5.15  20.00  6.46  0.00 7.92e+1 1.30e-05 2.18e-1 1.43e-1 7.48e-1 2.52e-1 6.54e-6 4.10e+0 3.79e-1
150 -3  20 He  8.32e+5  5.38 3.66 5.43  18.20  8.26  6.91 3.53e-1 6.03e-10 1.01e-2 8.43e-2 6.32e-1 3.68e-1 3.07e-5 3.83e+1 2.51e+0
150 -3  20 C   7.98e+2  0.00 3.66 5.35  18.20  8.02  6.49 4.14e-1 8.04e-10 1.11e-2 8.39e-2 5.82e-1 4.13e-1 3.41e-3 6.35e+1 3.02e+0
150 -3  20 Ne  1.88e-1  0.47 3.66 5.35  18.20  8.02  5.64 4.13e-1 8.03e-10 1.11e-2 8.39e-2 5.82e-1 4.13e-1 3.41e-3 6.35e+1 3.02e+0
150 -3  20 O   3.78e-1  1.23 3.66 5.35  18.20  8.02  5.64 4.13e-1 8.02e-10 1.11e-2 8.39e-2 5.82e-1 4.13e-1 3.41e-3 6.35e+1 3.02e+0
150 -3  20 Si  1.22e-3  1.15 3.66 5.35  18.20  8.02  5.64 4.13e-1 8.02e-10 1.11e-2 8.39e-2 5.82e-1 4.13e-1 3.41e-3 6.35e+1 3.02e+0
150 -3  20 PSN 9.96e-4  0.00 3.66 5.35  18.20  8.02  5.64 4.13e-1 8.01e-10 1.11e-2 8.39e-2 5.82e-1 4.13e-1 3.41e-3 6.35e+1 3.02e+0
150 -3  25 MS  1.14e+6 13.40 4.67 4.92  25.00  0.00  0.00 1.50e+2 4.92e-05 2.60e-1 2.06e-1 7.60e-1 2.40e-1 6.95e-7 1.59e-1 3.40e-2
150 -3  25 H   8.07e+6 13.40 4.61 5.35  25.00  8.71  0.00 8.99e+1 1.33e-05 2.33e-1 2.05e-1 7.42e-1 2.58e-1 6.31e-6 3.97e+0 3.60e-1
150 -3  25 He  6.62e+5  7.36 3.65 5.64  22.90 10.10  8.69 2.80e-1 3.72e-10 8.09e-3 1.25e-1 6.00e-1 3.97e-1 2.52e-3 1.03e+2 3.33e+0
150 -3  25 C   3.69e+2  0.00 3.66 5.55  22.90 10.50  8.38 3.56e-1 5.44e-10 9.62e-3 1.24e-1 5.84e-1 4.10e-1 4.53e-3 9.62e+1 2.98e+0
150 -3  25 Ne  1.65e-1  0.47 3.66 5.55  22.90 10.50  8.37 3.57e-1 5.45e-10 9.63e-3 1.24e-1 5.84e-1 4.10e-1 4.53e-3 9.62e+1 2.98e+0
150 -3  25 O   2.06e-1  1.31 3.66 5.55  22.90 10.60  8.37 3.57e-1 5.45e-10 9.63e-3 1.24e-1 5.84e-1 4.10e-1 4.53e-3 9.62e+1 2.98e+0
150 -3  25 Si  1.37e-3  1.28 3.66 5.55  22.90 10.60  8.37 3.57e-1 5.45e-10 9.63e-3 1.24e-1 5.84e-1 4.10e-1 4.53e-3 9.62e+1 2.98e+0
150 -3  25 PSN 8.92e-4  0.00 3.66 5.55  22.90 10.60  8.37 3.57e-1 5.45e-10 9.63e-3 1.24e-1 5.84e-1 4.10e-1 4.53e-3 9.62e+1 2.98e+0
150 -3  30 MS  5.23e+4  0.00 4.70 5.05  30.00  0.00  0.00 1.49e+2 4.71e-05 2.40e-1 2.83e-1 7.60e-1 2.40e-1 6.95e-7 1.59e-1 3.40e-2
150 -3  30 H   7.16e+6 17.20 4.57 5.56  30.00 12.40  0.00 1.32e+2 1.26e-05 3.79e-1 2.63e-1 7.12e-1 2.88e-1 1.00e-5 1.06e+1 7.05e-1
150 -3  30 He  4.66e+5 11.60 3.66 5.74  27.90 15.20  7.49 3.32e-1 3.99e-10 9.14e-3 1.55e-1 6.62e-1 3.38e-1 1.45e-5 4.07e+1 1.36e+0
150 -3  30 C   1.60e+2  0.00 3.65 5.83  27.70 15.30 12.50 2.28e-1 2.39e-10 6.75e-3 1.50e-1 6.28e-1 3.72e-1 4.40e-4 9.54e+0 4.20e+0
150 -3  30 Ne  1.11e-1  0.38 3.65 5.83  27.70 15.30 12.00 2.28e-1 2.39e-10 6.75e-3 1.50e-1 6.28e-1 3.72e-1 4.40e-4 9.54e+0 4.20e+0
150 -3  30 O   1.00e-1  1.55 3.65 5.83  27.70 15.30 12.00 2.28e-1 2.39e-10 6.75e-3 1.50e-1 6.28e-1 3.72e-1 4.40e-4 9.54e+0 4.20e+0
150 -3  30 Si  7.12e-4  1.16 3.65 5.83  27.70 15.30 12.00 2.28e-1 2.39e-10 6.75e-3 1.50e-1 6.28e-1 3.72e-1 4.40e-4 9.54e+0 4.20e+0
150 -3  30 PSN 5.11e-4  0.00 3.65 5.83  27.70 15.30 12.00 2.28e-1 2.39e-10 6.75e-3 1.50e-1 6.28e-1 3.72e-1 4.40e-4 9.54e+0 4.20e+0
150 -3  40 MS  3.95e+4  0.00 4.73 5.33  40.00  0.00  0.00 1.50e+2 4.10e-05 2.26e-1 4.49e-1 7.60e-1 2.40e-1 6.95e-7 1.59e-1 3.40e-2
150 -3  40 H   5.62e+6 24.80 4.48 5.79  40.00 18.70  0.00 1.15e+2 5.61e-06 3.99e-1 4.12e-1 7.23e-1 2.77e-1 1.04e-5 1.40e+1 7.35e-1
150 -3  40 He  4.05e+5 19.50 5.19 5.99  24.60 24.00  5.33 1.97e-2 2.03e-08 1.97e-5 6.12e-2 5.46e-2 9.45e-1 1.02e-4 1.02e+2 3.19e+1
150 -3  40 C   4.30e+1  0.00 5.11 6.10  24.60 24.20 19.30 1.19e-2 7.43e-09 1.53e-5 6.12e-2 5.43e-2 9.46e-1 1.12e-4 6.16e+1 3.55e+1
150 -3  40 Ne  6.98e-2  0.00 5.10 6.11  24.60 24.20 19.30 1.17e-2 7.13e-09 1.52e-5 6.12e-2 5.43e-2 9.46e-1 1.12e-4 5.98e+1 3.55e+1
150 -3  40 O   3.33e-2  1.82 5.11 6.10  24.60 24.20 19.30 1.19e-2 7.39e-09 1.53e-5 6.11e-2 5.43e-2 9.46e-1 1.12e-4 5.95e+1 3.55e+1
150 -3  40 Si  2.78e-4  1.19 5.11 6.10  24.60 24.20 19.30 1.19e-2 7.44e-09 1.53e-5 6.11e-2 5.43e-2 9.46e-1 1.12e-4 5.95e+1 3.55e+1
150 -3  40 PSN 2.30e-3  0.00 5.10 6.09  24.60 24.20 19.30 1.19e-2 7.44e-09 1.53e-5 6.11e-2 5.43e-2 9.46e-1 1.12e-4 5.95e+1 3.55e+1
150 -3  60 MS  3.16e+4  0.00 4.78 5.68  60.00  0.00  0.00 1.51e+2 3.33e-05 2.07e-1 8.54e-1 7.60e-1 2.40e-1 6.95e-7 1.59e-1 3.40e-2
150 -3  60 H   4.35e+6 40.60 4.22 6.09  59.90 32.40  0.06 9.32e+1 1.00e-06 5.44e-1 7.70e-1 7.28e-1 2.72e-1 1.09e-5 1.57e+1 7.98e-1
150 -3  60 He  3.49e+5 32.90 4.93 6.29  42.20 40.20 35.80 1.12e-2 2.54e-09 1.83e-5 1.86e-1 1.32e-1 8.68e-1 2.36e-5 1.51e+2 1.22e+2
150 -3  60 C   1.54e+1  0.00 4.10 6.32  42.10 40.30 32.30 9.69e-5 4.65e-13 1.09e-6 1.84e-1 1.31e-1 8.69e-1 2.42e-5 1.50e+2 1.19e+2
150 -3  60 Ne  3.13e-2  0.00 4.17 6.32  42.00 40.30 32.70 1.40e-4 9.35e-13 1.33e-6 1.84e-1 1.31e-1 8.69e-1 2.46e-5 1.49e+2 1.17e+2
150 -3  60 O   1.63e-2  1.78 4.24 6.32  42.00 40.30 31.30 4.54e-1 4.19e-09 3.68e-3 1.83e-1 1.30e-1 8.70e-1 2.51e-5 1.47e+2 1.15e+2
150 -3  60 Si  2.22e-4  1.03 4.27 6.32  41.90 40.30 31.30 5.68e-1 5.95e-09 4.32e-3 1.83e-1 1.30e-1 8.70e-1 2.54e-5 1.45e+2 1.14e+2
150 -3  60 PSN 1.13e-4  0.00 4.29 6.32  41.90 40.30 31.30 6.48e-1 7.37e-09 4.74e-3 1.83e-1 1.30e-1 8.70e-1 2.55e-5 1.45e+2 1.13e+2
150 -3  80 MS  2.82e+4  0.00 4.80 5.91  80.00  0.00  0.00 1.49e+2 2.86e-05 1.91e-1 1.34e+0 7.60e-1 2.40e-1 6.95e-7 1.59e-1 3.40e-2
150 -3  80 H   3.59e+6 58.20 4.10 6.24  79.90 43.00  0.00 6.72e+1 3.38e-07 5.02e-1 1.22e+0 7.28e-1 2.72e-1 1.22e-5 1.50e+1 1.02e+0
150 -3  80 He  3.19e+5 43.30 4.95 6.42  54.50 52.10  0.00 2.20e-3 4.59e-10 3.30e-6 2.66e-1 1.15e-1 8.85e-1 2.35e-5 1.49e+2 1.33e+2
150 -3  80 C   1.39e+1  0.00 4.12 6.45  53.90 52.20 41.30 3.56e-1 1.57e-09 3.68e-3 2.61e-1 1.12e-1 8.88e-1 2.82e-5 1.22e+2 1.06e+2
150 -3  80 Ne  1.84e-2  0.00 4.00 6.45  53.80 52.20 42.40 1.91e-1 4.97e-10 2.58e-3 2.60e-1 1.11e-1 8.89e-1 3.55e-5 1.11e+2 8.75e+1
150 -3  80 O   8.11e-3  0.99 4.09 6.45  53.70 52.20 42.20 2.75e-1 1.06e-09 3.04e-3 2.59e-1 1.10e-1 8.90e-1 4.23e-5 1.08e+2 7.89e+1
150 -3  80 PSN 7.61e-4  0.00 4.13 6.45  53.70 52.20 42.20 3.27e-1 1.50e-09 3.32e-3 2.59e-1 1.10e-1 8.90e-1 4.23e-5 1.08e+2 7.89e+1
150 -3  80 PSN 7.61e-4  0.00 4.13 6.45  53.70 52.20 42.20 3.27e-1 1.50e-09 3.32e-3 2.59e-1 1.10e-1 8.90e-1 4.23e-5 1.08e+2 7.89e+1
150 -3 120 MS  2.23e+4  0.00 4.83 6.21 120.00  0.00  0.00 1.49e+2 2.33e-05 1.73e-1 2.50e+0 7.60e-1 2.40e-1 6.95e-7 1.59e-1 3.40e-2
150 -3 120 H   3.03e+6 93.50 4.16 6.49 120.00 66.10  0.00 9.72e-1 5.02e-09 6.23e-3 2.44e+0 7.49e-1 2.51e-1 1.25e-5 8.48e+0 1.17e+0
150 -3 120 He  2.81e+5 65.10 5.21 6.59  75.00 73.80  8.96 3.10e+1 1.78e-05 2.39e-2 4.26e-1 9.69e-3 9.61e-1 2.31e-2 9.34e+1 3.63e+0
150 -3 120 C   3.02e+1  0.00 5.12 6.63  74.80 74.10 54.00 2.05e+1 7.26e-06 2.01e-2 4.25e-1 7.88e-4 9.59e-1 3.04e-2 7.43e+1 3.47e+0
150 -3 120 Ne  4.59e-2  0.00 5.21 6.63  74.80 74.00 55.50 3.21e+1 1.77e-05 2.52e-2 4.25e-1 7.88e-4 9.59e-1 3.04e-2 7.43e+1 3.47e+0
150 -3 120 PSN 4.27e-2  0.00 5.20 6.63  74.80 74.00 55.50 3.05e+1 1.60e-05 2.45e-2 4.25e-1 7.88e-4 9.59e-1 3.04e-2 7.43e+1 3.47e+0
150 -3 120 PSN 4.27e-2  0.00 5.20 6.63  74.80 74.00 55.50 3.05e+1 1.60e-05 2.45e-2 4.25e-1 7.88e-4 9.59e-1 3.04e-2 7.43e+1 3.47e+0
150 -3 120 PSN 4.27e-2  0.00 5.20 6.63  74.80 74.00 55.50 3.05e+1 1.60e-05 2.45e-2 4.25e-1 7.88e-4 9.59e-1 3.04e-2 7.43e+1 3.47e+0
300 -3  13 MS  1.45e+5  0.00 4.56 4.11  13.00  0.00  0.00 3.00e+2 1.50e-04 5.49e-1 1.36e-1 7.60e-1 2.40e-1 6.95e-7 1.59e-1 3.40e-2
300 -3  13 H   1.99e+7  5.57 4.51 4.71  13.00  3.53  0.00 1.83e+2 3.57e-05 5.41e-1 1.35e-1 7.33e-1 2.67e-1 9.95e-6 1.62e+1 6.78e-1
300 -3  13 He  1.67e+6  3.02 3.65 5.25  12.80  5.09  4.09 7.62e-1 1.58e-09 2.36e-2 1.07e-1 6.05e-1 3.91e-1 3.16e-3 1.16e+2 4.95e+0
300 -3  13 C   1.41e+3  0.26 3.66 5.10  12.80  5.09  3.82 1.08e+0 2.79e-09 2.99e-2 1.07e-1 5.85e-1 4.05e-1 7.52e-3 1.05e+2 4.37e+0
300 -3  13 Ne  3.49e-1  0.70 3.66 5.09  12.80  5.09  3.82 1.08e+0 2.81e-09 3.00e-2 1.07e-1 5.85e-1 4.05e-1 7.52e-3 1.05e+2 4.37e+0
300 -3  13 O   8.56e-1  1.14 3.66 5.09  12.80  5.12  3.81 1.08e+0 2.81e-09 3.00e-2 1.07e-1 5.85e-1 4.05e-1 7.52e-3 1.05e+2 4.37e+0
300 -3  13 Si  1.35e-2  1.17 3.66 5.09  12.80  5.14  3.81 1.08e+0 2.81e-09 3.00e-2 1.07e-1 5.85e-1 4.05e-1 7.52e-3 1.05e+2 4.37e+0
300 -3  13 PSN 1.80e-3  0.00 3.66 5.09  12.80  5.14  3.81 1.08e+0 2.81e-09 3.00e-2 1.07e-1 5.85e-1 4.05e-1 7.52e-3 1.05e+2 4.37e+0
300 -3  15 MS  1.10e+6  6.71 4.58 4.31  15.00  0.00  0.00 2.92e+2 1.24e-04 5.42e-1 1.64e-1 7.60e-1 2.40e-1 6.95e-7 1.59e-1 3.40e-2
300 -3  15 H   1.61e+7  6.78 4.53 4.87  15.00  4.37  0.00 2.39e+2 4.18e-05 6.63e-1 1.65e-1 7.22e-1 2.78e-1 9.44e-6 1.28e+1 6.23e-1
300 -3  15 He  1.37e+6  3.68 3.65 5.36  13.80  6.01  4.79 4.63e-1 8.49e-10 1.47e-2 8.47e-2 5.68e-1 4.24e-1 6.13e-3 1.13e+2 4.20e+0
300 -3  15 C   1.03e+3  0.02 3.66 5.20  13.80  6.11  4.63 6.92e-1 1.59e-09 1.96e-2 8.44e-2 5.68e-1 4.24e-1 6.13e-3 1.13e+2 4.20e+0
300 -3  15 Ne  2.69e-1  0.63 3.66 5.20  13.80  6.10  4.61 6.94e-1 1.59e-09 1.97e-2 8.44e-2 5.68e-1 4.24e-1 6.13e-3 1.13e+2 4.20e+0
300 -3  15 O   5.30e-1  2.61 3.66 5.20  13.80  6.10  4.60 6.94e-1 1.59e-09 1.97e-2 8.44e-2 5.68e-1 4.24e-1 6.13e-3 1.13e+2 4.20e+0
300 -3  15 Si  1.46e-3  1.35 3.66 5.20  13.80  6.09  4.16 6.94e-1 1.59e-09 1.97e-2 8.43e-2 5.68e-1 4.24e-1 6.13e-3 1.13e+2 4.20e+0
300 -3  15 PSN 5.05e-4  0.00 3.66 5.19  13.80  6.09  4.16 6.94e-1 1.60e-09 1.97e-2 8.43e-2 5.68e-1 4.24e-1 6.13e-3 1.13e+2 4.20e+0
300 -3  20 MS  1.06e+5  0.00 4.63 4.61  20.00  0.00  0.00 2.93e+2 1.11e-04 5.04e-1 2.83e-1 7.60e-1 2.40e-1 6.95e-7 1.59e-1 3.40e-2
300 -3  20 H   1.09e+7  9.91 4.59 5.13  20.00  6.16  0.00 2.56e+2 4.34e-05 6.31e-1 2.78e-1 7.03e-1 2.97e-1 1.21e-5 3.36e+1 9.58e-1
300 -3  20 He  1.06e+6  5.05 4.32 5.31  20.00  7.89  6.50 3.61e+1 1.49e-06 1.99e-1 2.61e-1 5.79e-1 4.21e-1 2.19e-5 7.55e+1 3.78e+0
300 -3  20 C   6.69e+2  0.00 4.06 5.29  20.00  7.89  6.20 1.14e+1 1.49e-07 1.12e-1 2.61e-1 5.78e-1 4.22e-1 2.22e-5 7.59e+1 3.90e+0
300 -3  20 Ne  2.16e-1  0.50 4.06 5.29  20.00  7.89  6.20 1.14e+1 1.49e-07 1.12e-1 2.61e-1 5.78e-1 4.22e-1 2.22e-5 7.59e+1 3.90e+0
300 -3  20 O   4.62e-1  1.25 4.06 5.29  20.00  7.89  6.20 1.14e+1 1.49e-07 1.12e-1 2.61e-1 5.78e-1 4.22e-1 2.22e-5 7.59e+1 3.90e+0
300 -3  20 Si  1.08e-3  1.09 4.06 5.29  20.00  7.89  5.59 1.14e+1 1.49e-07 1.12e-1 2.61e-1 5.78e-1 4.22e-1 2.22e-5 7.59e+1 3.90e+0
300 -3  20 PSN 1.28e-3  0.00 4.06 5.29  20.00  7.89  5.29 1.14e+1 1.49e-07 1.12e-1 2.61e-1 5.78e-1 4.22e-1 2.22e-5 7.59e+1 3.90e+0
300 -3  25 MS  7.77e+4  0.00 4.66 4.85  25.00  0.00  0.00 2.95e+2 9.88e-05 4.85e-1 4.12e-1 7.60e-1 2.40e-1 6.95e-7 1.59e-1 3.40e-2
300 -3  25 H   8.95e+6 13.30 4.53 5.42  25.00  9.78  0.00 2.12e+2 2.04e-05 6.22e-1 4.05e-1 6.87e-1 3.13e-1 1.28e-5 6.33e+1 1.06e+0
300 -3  25 He  5.52e+5  9.27 3.88 5.61  13.50 13.00 11.00 3.48e-2 1.33e-10 7.73e-4 3.20e-2 4.68e-1 5.32e-1 1.35e-4 1.50e+2 3.31e+1
300 -3  25 C   2.14e+2  0.00 4.40 5.71  13.30 13.00 10.50 6.83e-1 2.60e-08 4.85e-3 3.14e-2 2.57e-1 7.32e-1 1.00e-2 1.41e+2 9.98e+0
300 -3  25 Ne  1.37e-1  0.46 4.39 5.71  13.30 13.00 10.50 6.51e-1 2.36e-08 4.73e-3 3.14e-2 2.57e-1 7.32e-1 1.00e-2 1.41e+2 9.98e+0
300 -3  25 O   1.42e-1  1.40 4.39 5.71  13.30 13.00 10.50 6.42e-1 2.29e-08 4.70e-3 3.14e-2 2.57e-1 7.32e-1 1.00e-2 1.41e+2 9.98e+0
300 -3  25 Si  7.34e-4  1.19 4.39 5.71  13.30 13.00 10.50 6.54e-1 2.37e-08 4.75e-3 3.14e-2 2.57e-1 7.32e-1 1.00e-2 1.41e+2 9.98e+0
300 -3  25 PSN 6.55e-4  0.00 4.39 5.72  13.30 13.00 10.50 6.54e-1 2.37e-08 4.75e-3 3.14e-2 2.56e-1 7.33e-1 1.01e-2 1.41e+2 9.95e+0
300 -3  30 MS  6.15e+4  0.00 4.69 5.04  30.00  0.00  0.00 2.95e+2 8.96e-05 4.67e-1 5.56e-1 7.60e-1 2.40e-1 6.95e-7 1.59e-1 3.40e-2
300 -3  30 H   7.43e+6 17.00 4.52 5.57  30.00 12.70  0.00 1.90e+2 1.42e-05 5.85e-1 5.46e-1 6.95e-1 3.05e-1 1.27e-5 6.50e+1 1.04e+0
300 -3  30 He  4.89e+5 12.80 5.13 5.79  17.10 16.70 14.20 2.05e+0 2.03e-06 2.51e-3 4.88e-2 1.03e-1 8.68e-1 2.45e-2 1.11e+2 5.88e+0
300 -3  30 C   1.01e+2  0.00 5.06 5.92  17.10 16.90 13.80 1.28e+0 7.89e-07 1.98e-3 4.88e-2 2.82e-2 9.23e-1 4.21e-2 6.50e+1 7.25e+0
300 -3  30 Ne  9.83e-2  0.17 5.05 5.92  17.10 16.90 13.70 1.22e+0 7.26e-07 1.94e-3 4.88e-2 2.82e-2 9.23e-1 4.21e-2 6.49e+1 7.26e+0
300 -3  30 O   7.52e-2  1.68 5.05 5.92  17.10 16.90 13.10 1.25e+0 7.62e-07 1.96e-3 4.88e-2 2.81e-2 9.23e-1 4.21e-2 6.48e+1 7.26e+0
300 -3  30 Si  6.18e-4  1.22 5.06 5.92  17.10 16.90 13.10 1.26e+0 7.70e-07 1.97e-3 4.88e-2 2.81e-2 9.23e-1 4.21e-2 6.48e+1 7.26e+0
300 -3  30 PSN 5.36e-4  0.00 5.05 5.92  17.10 16.90 13.10 1.25e+0 7.57e-07 1.96e-3 4.88e-2 2.81e-2 9.23e-1 4.21e-2 6.48e+1 7.26e+0
300 -3  40 MS  3.95e+4  0.00 4.73 5.32  40.00  0.00  0.00 3.00e+2 8.00e-05 4.41e-1 8.85e-1 7.60e-1 2.40e-1 6.95e-7 1.59e-1 3.40e-2
300 -3  40 H   5.74e+6 24.40 4.42 5.79  40.00 18.80  0.00 1.73e+2 6.30e-06 6.45e-1 8.70e-1 7.18e-1 2.82e-1 1.21e-5 6.15e+1 9.42e-1
300 -3  40 He  4.11e+5 19.60 5.24 5.97  24.50  0.00 21.00 4.01e-2 5.39e-08 3.52e-5 8.49e-2 3.94e-9 8.58e-1 6.00e-2 1.50e+0 1.65e+0
300 -3  40 C   3.93e+1  0.00 5.36 6.08  24.50  0.00 19.50 6.24e-2 1.31e-07 4.40e-5 8.49e-2 0.00e+0 8.50e-1 5.87e-2 1.28e+0 1.46e+0
300 -3  40 Ne  7.39e-2  0.00 5.37 6.08  24.50  0.00 19.10 6.34e-2 1.35e-07 4.43e-5 8.49e-2 0.00e+0 8.50e-1 5.87e-2 1.28e+0 1.46e+0
300 -3  40 O   3.51e-2  1.88 5.35 6.07  24.50  0.00 19.10 6.08e-2 1.24e-07 4.34e-5 8.49e-2 0.00e+0 8.50e-1 5.87e-2 1.28e+0 1.46e+0
300 -3  40 Si  2.89e-4  1.20 5.35 6.07  24.50  0.00 19.10 6.03e-2 1.22e-07 4.32e-5 8.49e-2 0.00e+0 8.50e-1 5.87e-2 1.28e+0 1.46e+0
300 -3  40 PSN 1.56e-3  0.00 5.33 6.05  24.50  0.00 19.10 5.45e-2 9.94e-08 4.11e-5 8.49e-2 0.00e+0 8.50e-1 5.87e-2 1.28e+0 1.46e+0
300 -3  60 MS  3.16e+4  0.00 4.77 5.67  60.00  0.00  0.00 3.07e+2 6.53e-05 4.15e-1 1.69e+0 7.60e-1 2.40e-1 6.95e-7 1.59e-1 3.40e-2
300 -3  60 H   4.28e+6 40.30 4.34 6.06  59.90 30.60  0.00 1.24e+2 2.36e-06 5.46e-1 1.66e+0 7.09e-1 2.91e-1 1.33e-5 7.32e+1 1.14e+0
300 -3  60 He  3.48e+5 31.30 5.23 6.24  38.20 37.60 32.80 3.23e-2 3.07e-08 2.70e-5 1.87e-1 1.18e-2 9.33e-1 4.07e-2 8.92e+1 2.93e+0
300 -3  60 C   1.85e+1  0.00 5.33 6.32  38.10  0.00 30.10 4.32e-2 5.84e-08 3.04e-5 1.87e-1 0.00e+0 9.37e-1 4.60e-2 5.86e+1 2.99e+0
300 -3  60 Ne  4.20e-2  0.00 5.33 6.33  38.10  0.00 30.10 4.35e-2 5.90e-08 3.05e-5 1.87e-1 0.00e+0 9.37e-1 4.60e-2 5.86e+1 2.99e+0
300 -3  60 O   1.84e-2  1.80 5.33 6.32  38.10  0.00 30.10 4.33e-2 5.86e-08 3.04e-5 1.87e-1 0.00e+0 9.37e-1 4.60e-2 5.86e+1 2.99e+0
300 -3  60 Si  2.14e-4  1.15 5.33 6.32  38.10  0.00 29.40 4.32e-2 5.81e-08 3.04e-5 1.87e-1 0.00e+0 9.37e-1 4.60e-2 5.86e+1 2.99e+0
300 -3  60 PSN 2.90e-4  0.00 5.32 6.31  38.10  0.00 29.40 4.23e-2 5.58e-08 3.01e-5 1.87e-1 0.00e+0 9.37e-1 4.60e-2 5.86e+1 2.99e+0
300 -3  80 MS  3.09e+4  0.00 4.80 5.90  80.00  0.00  0.00 2.95e+2 5.49e-05 3.73e-1 2.65e+0 7.60e-1 2.40e-1 6.95e-7 1.59e-1 3.40e-2
300 -3  80 H   3.71e+6 57.30 5.04 6.30  55.90 46.60  0.00 9.03e+1 3.34e-05 9.99e-2 3.89e-1 8.37e-2 9.16e-1 2.33e-5 1.12e+2 1.50e+2
300 -3  80 He  3.10e+5 45.30 5.25 6.41  52.80  0.00  2.06 1.05e+2 8.86e-05 7.95e-2 3.36e-1 0.00e+0 6.93e-1 4.06e-2 2.79e-1 3.52e-1
300 -3  80 C   1.68e+1  0.00 5.28 6.49  52.80  0.00 41.80 1.11e+2 9.87e-05 8.21e-2 3.36e-1 0.00e+0 6.74e-1 3.86e-2 2.49e-1 3.04e-1
300 -3  80 Ne  2.31e-2  0.00 5.19 6.51  52.80  0.00 43.00 7.28e+1 4.20e-05 6.65e-2 3.36e-1 0.00e+0 6.74e-1 3.86e-2 2.49e-1 3.04e-1
300 -3  80 PSN 1.82e-3  0.00 4.20 6.52  52.80  0.00 44.40 6.58e-1 3.96e-09 5.89e-3 3.36e-1 0.00e+0 6.74e-1 3.86e-2 2.49e-1 3.04e-1
300 -3  80 PSN 1.82e-3  0.00 4.20 6.52  52.80  0.00 44.40 6.58e-1 3.96e-09 5.89e-3 3.36e-1 0.00e+0 6.74e-1 3.86e-2 2.49e-1 3.04e-1
300 -3  80 PSN 1.82e-3  0.00 4.20 6.52  52.80  0.00 44.40 6.58e-1 3.96e-09 5.89e-3 3.36e-1 0.00e+0 6.74e-1 3.86e-2 2.49e-1 3.04e-1
300 -3 120 MS  2.32e+4  0.00 4.83 6.20 120.00  0.00  0.00 2.95e+2 4.50e-05 3.39e-1 4.95e+0 7.60e-1 2.40e-1 6.95e-7 1.59e-1 3.40e-2
300 -3 120 H   3.11e+6 92.40 5.03 6.53  87.40 70.90  0.00 6.67e+1 1.76e-05 7.00e-2 1.05e+0 1.31e-1 8.69e-1 2.33e-5 1.07e+2 1.65e+2
300 -3 120 PSN 2.46e+5  0.00 5.08 6.63  82.80 80.70  0.00 1.29e+2 3.84e-05 1.31e-1 9.73e-1 3.06e-2 9.21e-1 3.45e-2 1.07e+2 2.53e+0
300 -3 120 PSN 2.46e+5  0.00 5.08 6.63  82.80 80.70  0.00 1.29e+2 3.84e-05 1.31e-1 9.73e-1 3.06e-2 9.21e-1 3.45e-2 1.07e+2 2.53e+0
300 -3 120 PSN 2.46e+5  0.00 5.08 6.63  82.80 80.70  0.00 1.29e+2 3.84e-05 1.31e-1 9.73e-1 3.06e-2 9.21e-1 3.45e-2 1.07e+2 2.53e+0
300 -3 120 PSN 2.46e+5  0.00 5.08 6.63  82.80 80.70  0.00 1.29e+2 3.84e-05 1.31e-1 9.73e-1 3.06e-2 9.21e-1 3.45e-2 1.07e+2 2.53e+0
300 -3 120 PSN 2.46e+5  0.00 5.08 6.63  82.80 80.70  0.00 1.29e+2 3.84e-05 1.31e-1 9.73e-1 3.06e-2 9.21e-1 3.45e-2 1.07e+2 2.53e+0
300 -3 120 PSN 2.46e+5  0.00 5.08 6.63  82.80 80.70  0.00 1.29e+2 3.84e-05 1.31e-1 9.73e-1 3.06e-2 9.21e-1 3.45e-2 1.07e+2 2.53e+0
